ARCID;ATYP;ADEP;ADES;RM;ARF;ETD;TT;ETA
RYR404A;B738;LPPR;LEBL;EIDCJ;380;22:50:00;15;0:05:00
AEE713;A20N;LEBL;LGAV;SXNEB;390;0:19:00;9;2:45:00
VLG7575;A320;GBYD;LEBL;ECLVV;380;20:25:00;10;0:45:00
VLG2479;A321;GCRR;LEBL;ECMQL;360;22:19:00;10;1:00:00
RYR56YL;B38M;EIDW;LEBL;EIIHE;370;23:05:00;15;1:05:00
ANE3053;CRJX;LEGE;LEBL;ECMLN;180;0:39:00;9;1:10:00
VLG7887;A320;GOBD;LEBL;ECMAI;380;20:50:00;10;1:10:00
TVP7318;B38M;LKPR;LEBL;OKSWF;370;23:41:00;7;1:40:00
IBE2602;A332;SAEZ;LEBL;ECNEN;400;15:00:00;10;2:55:00
VLG101P;A20N;LFML;LEBL;ECNDA;290;2:28:00;6;3:00:00
TVP7319;B38M;LEBL;EPWA;OKSWF;360;2:57:00;20;5:40:00
VLG72JR;A320;LEBL;GMTT;ECMBE;350;3:03:00;8;4:30:00
VLG303P;A320;LEBL;LFPO;ECKLT;380;3:07:00;17;4:25:00
IBE2606;A332;SCEL;LEBL;ECNNH;400;14:35:00;10;3:25:00
VLG2008;A320;LEBL;LICB;ECMBS;390;3:42:00;12;5:15:00
VLG6DZ;A320;LGIR;LEBL;ECKHN;360;1:05:00;10;3:45:00
VLG9YD;A20N;LEBL;EKCH;ECNCS;390;3:47:00;12;6:25:00
VLG7480;A320;LEBL;DAOO;ECODN;310;3:41:00;11;4:50:00
RYR26UP;B738;LEBL;EGNX;9HQFK;380;4:05:00;20;5:50:00
VLG94PH;A320;LEBL;LIMC;ECOJG;300;4:00:00;8;5:05:00
RYR38AV;B738;LEBL;LIPZ;EIDLD;380;4:05:00;20;5:25:00
VLG8113;A320;LGAV;LEBL;ECOFX;360;1:41:00;13;4:05:00
RYR73JP;B38M;LEBL;LIMF;EIIHE;300;4:08:00;0;5:20:00
TAP1041;A321;LEBL;LPPT;CSTJE;330;4:18:00;8;5:45:00
RYR4WX;B738;LEBL;LFOB;EIEBF;340;4:26:00;20;5:45:00
VLG5VH;A320;LEBL;LMML;ECKRH;370;4:07:00;17;6:05:00
AFR32SN;A321;LEBL;LFPG;FGTAZ;340;4:18:00;8;6:05:00
RYR9CG;B38M;LEBL;EICK;EIIJM;360;4:26:00;20;6:25:00
SIA388;A359;WSSS;LEBL;9VSMK;400;15:45:00;10;4:20:00
VLG5BG;A320;LEBL;GCLP;ECLAB;370;4:03:00;8;7:15:00
RYR32FE;B738;LEBL;LIME;9HQAL;340;4:20:00;20;5:40:00
AAL66;B772;KJFK;LEBL;N795AN;390;21:46:00;36;4:25:00
EJU41GZ;A319;LEBL;LSGG;OELVG;320;4:25:00;20;5:35:00
ITY075;A320;LEBL;LIRF;EIDTA;340;4:28:00;8;5:40:00
RYR2A;B738;LEBL;LEMH;EIDCN;190;4:20:00;20;5:00:00
RYR28RR;B738;LEBL;LIRF;9HQEK;340;4:40:00;20;5:50:00
RYR56MC;B738;LEBL;EPGD;EIDPI;370;4:28:00;21;7:10:00
TVF32ER;A20N;LEBL;LFPO;FHXSG;340;4:30:00;20;5:50:00
VLG911N;A320;LEBL;LIPE;ECMER;340;4:35:00;8;5:55:00
VLG2GP;A320;LEBL;LEPA;ECMAI;190;4:32:00;8;5:10:00
SWR7YT;A321;LEBL;LSZH;HBIOH;320;4:45:00;8;6:05:00
VLG4SW;A321;LEBL;LGAV;ECNLV;350;4:47:00;12;7:15:00
RYR282G;B738;LEBL;ELLX;9HQEW;340;4:50:00;20;6:20:00
RYR82RX;B738;LEBL;GCXO;EIENF;370;4:45:00;20;7:50:00
KLM73T;B738;LEBL;EHAM;PHBXL;360;4:54:00;16;6:35:00
VLG23TK;A321;LEBL;LEPA;ECMLD;170;4:53:00;11;5:15:00
ETD1HA;B78X;OMAA;LEBL;A6BMI;380;22:25:00;10;4:50:00
VLG46YB;A321;LEBL;LDDU;ECMQL;340;4:54:00;13;6:40:00
VLG3YR;A320;LEBL;LIRF;ECOGE;340;4:45:00;10;6:15:00
QTR68R;B789;OTHH;LEBL;A7BHF;380;22:55:00;10;4:55:00
VLG68LT;A320;LEBL;LFPG;ECNUP;340;5:00:00;12;6:20:00
VLG3LK;A321;LEBL;LEMH;ECMQB;190;4:55:00;10;5:35:00
VLG4VF;A321;LEBL;LIPZ;ECMGZ;340;5:00:00;10;6:35:00
VLG2QW;A321;LEBL;LEMG;ECNLY;350;4:58:00;10;6:20:00
DAL250;A339;KBOS;LEBL;N401DZ;410;22:19:00;19;5:05:00
VLG44WK;A321;LEBL;EBBR;ECNLX;360;5:01:00;11;6:45:00
VLG6UW;A320;LEBL;LPPR;ECMAH;330;5:06:00;10;6:30:00
VLG1YW;A320;LEBL;LSZH;ECLVV;340;5:10:00;10;6:40:00
VLG51FM;A320;LEBL;LEXJ;ECMEL;290;5:10:00;12;6:00:00
RYR77ZB;B738;LEMG;LEBL;EIEFG;380;3:59:00;12;5:10:00
VLG38HJ;A20N;LEBL;LFLL;ECNDA;300;5:09:00;9;6:05:00
VLG593U;A21N;LEBL;GCLP;ECNYF;350;4:55:00;10;8:05:00
CCA577;A359;ZSPD;LEBL;B1085;390;16:50:00;10;5:10:00
VLG73QE;A321;LEBL;LEBB;ECMMU;290;5:11:00;11;6:00:00
VLG7830;A320;LEBL;EGKK;ECMES;360;5:13:00;13;6:55:00
VLG1MA;A20N;LEBL;LIMJ;ECNCU;300;5:12:00;12;6:25:00
DLH03K;A21N;LEBL;EDDF;DAIEQ;340;5:07:00;11;7:10:00
EJU85AR;A20N;LIMC;LEBL;OELSF;290;4:06:00;12;5:15:00
EJU37TW;A319;LEBL;EGKK;OELQU;380;5:21:00;21;7:10:00
IBE04RC;A20N;LEBL;LEMD;ECNAY;290;5:12:00;12;6:05:00
EJU14CG;A319;LEBL;LFSB;OELKC;340;5:25:00;0;6:45:00
VLG1265;A320;LEBL;ESSA;ECMKN;370;5:17:00;9;8:30:00
VLG64ZA;A320;LEPA;LEBL;ECMXP;180;5:02:00;17;5:20:00
VLG1PT;A321;LEBL;LEIB;ECMJR;190;5:20:00;10;5:55:00
VLG53PC;A320;LEBL;LDSP;ECMFN;380;5:22:00;12;7:00:00
VLG8CB;A320;LEBL;LEGR;ECOFU;350;5:20:00;10;6:25:00
VLG6LC;A321;LEBL;LSGG;ECMHS;320;5:27:00;11;6:40:00
VLG7EY;A321;LEBL;GCXO;ECMOO;350;5:21:00;11;8:25:00
VLG8SJ;A320;LEBL;LEAS;ECLOP;330;5:28:00;18;6:30:00
RYR14DQ;B38M;LMML;LEBL;EIIJL;360;4:05:00;15;5:30:00
VLG76GZ;A321;LEBL;EIDW;ECMGY;340;5:20:00;10;7:45:00
VLG11TT;A320;LEBL;EHAM;ECKDX;360;5:30:00;10;7:20:00
VLG4PL;A320;LEBL;EDDS;ECKHN;340;5:29:00;9;7:10:00
VLG2472;A321;LEBL;GCRR;ECMMH;350;5:40:00;10;8:15:00
VLG8VX;A321;LEBL;LIRN;ECMPV;340;5:30:00;10;7:10:00
VLG84ZE;A320;LEBL;EGLL;ECODM;380;5:42:00;12;7:25:00
VLG1XG;A320;LEIB;LEBL;ECLUN;180;5:11:00;7;5:40:00
VLG2974;A321;LEBL;LFRS;ECMHB;320;5:30:00;10;6:45:00
VLG4CG;A320;LEAL;LEBL;ECMVD;260;4:54:00;9;5:40:00
VLG6ZP;A320;LEBL;LFPO;ECMCU;340;5:38:00;8;7:00:00
VLG9VG;A21N;LEBL;EDDM;ECNYE;340;5:41:00;11;7:30:00
WMT262;A21N;LROP;LEBL;9HWAY;350;3:10:00;10;5:45:00
RYR2SY;B738;LEBL;EBBR;EIDCJ;340;5:50:00;20;7:25:00
ACA822;B77W;CYUL;LEBL;CFIUL;370;22:40:00;10;5:45:00
VLG65MT;A321;LEBL;LECO;ECMHA;330;5:44:00;9;7:00:00
VLG5YL;A320;LEBL;GCFV;ECKDH;370;5:49:00;9;8:30:00
VLG91MM;A321;LEBL;EDDH;ECMLM;340;5:58:00;8;8:00:00
CCA845;A359;ZBAA;LEBL;B307C;390;19:00:00;10;5:55:00
VLG56ND;A319;LEBL;LESO;ECMIQ;290;5:55:00;10;6:40:00
AEA14ZJ;B738;LEPA;LEBL;ECLQX;180;5:22:00;17;5:55:00
VLG47KA;A320;LFPO;LEBL;ECMFK;370;4:51:00;16;5:55:00
VLG3722;A320;LEBL;LEMH;ECOFX;190;5:59:00;9;6:30:00
VLG45PN;A320;LEBL;LKPR;ECLVO;380;5:56:00;10;8:05:00
VLG26NX;A320;LEMG;LEBL;ECMEA;360;4:45:00;15;6:00:00
VLG6HA;A320;LEZL;LEBL;ECOKH;340;4:49:00;10;6:00:00
BAW47C;A320;LEBL;EGLL;GEUUO;360;6:03:00;13;7:55:00
VLG6XL;A320;LEPA;LEBL;ECOGC;180;5:42:00;17;6:00:00
VLG3BV;A320;LEBL;LEST;ECMAN;330;5:41:00;16;7:15:00
FIA511;A320;LUKK;LEBL;ER00008;360;2:45:00;15;6:00:00
EJU73YK;A319;LEBL;EGGD;OELQQ;360;6:06:00;21;7:50:00
RYR47WZ;B38M;EYVI;LEBL;SPRZK;380;2:55:00;10;6:05:00
LHX93U;A20N;EDDM;LEBL;DAIJN;370;4:34:00;12;6:05:00
THY1852;B738;LEBL;LTFM;TCJVJ;390;5:56:00;10;8:55:00
RYR4VD;B738;LEZL;LEBL;9HQEU;380;4:37:00;10;6:05:00
DLH98Y;A321;LEBL;EDDM;DAISP;360;6:00:00;10;7:50:00
TRA5B;B738;EHAM;LEBL;PHHSI;390;4:12:00;15;6:05:00
CPA321;A359;VHHH;LEBL;BLRC;400;16:35:00;10;6:05:00
VLG7QA;A320;LEBL;GMMI;ECKDG;390;6:09:00;9;8:05:00
RYR1VJ;B738;LEPA;LEBL;9HQAD;180;5:46:00;16;6:10:00
RYR130V;B738;LEBL;LPPR;9HQEH;330;6:08:00;0;7:35:00
VLG73LA;A20N;LEBL;LEIB;ECNFK;190;6:05:00;9;6:50:00
EWG4214;A320;LKPR;LEBL;9HEUN;370;4:24:00;16;6:10:00
DAL128;B764;KJFK;LEBL;N841MH;370;22:00:00;30;6:10:00
VLG6001;A319;LEBL;LIRQ;ECMKV;340;6:16:00;16;7:25:00
NSZ3DA;B738;LEBL;ESSA;SERRF;380;6:21:00;20;9:20:00
RYR17MW;B738;LHBP;LEBL;SPRSI;370;4:10:00;10;6:15:00
WMT2NV;A21N;LOWW;LEBL;9HWAO;350;4:29:00;15;6:15:00
NSZ5526;B738;LEBL;ENBR;SERPE;390;6:23:00;20;9:15:00
RYR6882;B738;LEMH;LEBL;EIDCN;180;5:55:00;10;6:20:00
UAL992;B789;KIAD;LEBL;N24974;400;22:50:00;20;6:25:00
RYR53EB;B738;LEBL;LEMG;EIEFG;370;6:30:00;20;7:30:00
IBE04TP;A321;LEMD;LEBL;ECJZM;260;5:26:00;16;6:25:00
RYR519Z;B738;EVRA;LEBL;SPRKS;370;3:11:00;9;6:25:00
VLG1423;A320;LEBB;LEBL;ECJYX;300;5:32:00;7;6:25:00
WZZ9AR;A21N;EPWA;LEBL;9HWDT;370;4:01:00;16;6:30:00
RYR11SX;B38M;EPKK;LEBL;SPRZI;350;4:23:00;15;6:30:00
KLM1497;E190;EHAM;LEBL;DACJJ;390;4:50:00;18;6:30:00
EJU98TL;A20N;LEBL;LIMC;OELSF;300;6:39:00;0;7:55:00
VLG15SY;A320;LEBL;LPPT;ECOJH;330;6:35:00;11;8:00:00
UAL120;B772;KEWR;LEBL;N795UA;390;23:25:00;10;6:35:00
VLG21PG;A320;LEBL;LEAL;ECMVD;270;6:36:00;11;7:20:00
UAE81W;B77L;OMDB;LEBL;A6EWJ;380;23:35:00;10;6:35:00
AAL742;B789;KPHL;LEBL;N820AL;410;23:55:00;40;6:35:00
VLG93DX;A320;LEBL;LEPA;ECLVP;170;6:35:00;10;7:05:00
AEA58PB;B789;LEMD;LEBL;ECOFP;300;5:49:00;19;6:40:00
RYR38BG;B738;LEBL;LIPE;EIENP;340;6:45:00;20;8:00:00
NSZ56V;B38M;EKCH;LEBL;SENAA;410;4:23:00;10;6:40:00
VLG684H;A320;LEPA;LEBL;ECMAI;180;6:17:00;17;6:40:00
SWR4XH;A321;LSZH;LEBL;HBIOM;350;5:23:00;13;6:45:00
SEU403;A21N;LUKK;LEBL;9HPEC;370;3:55:00;15;6:45:00
AUA391A;A320;LOWW;LEBL;OELBS;370;5:07:00;10;6:45:00
WMT6025;A21N;LIRF;LEBL;9HWNQ;340;5:40:00;15;6:50:00
VLG200Z;A320;LEBL;LEIB;ECLUN;190;6:56:00;11;7:30:00
WZZ2407;A21N;EPWR;LEBL;9HWMG;370;4:44:00;9;6:55:00
AFR17ZG;A321;LFPG;LEBL;FGTAP;330;5:30:00;13;6:55:00
VLG36GQ;A320;EHAM;LEBL;ECMVE;390;5:09:00;10;6:55:00
RYR18QV;B38M;LEBL;LMML;EIIJL;390;6:59:00;20;8:45:00
ELY393;B739;LLBG;LEBL;4XEHB;360;3:19:00;15;7:00:00
VLG7CV;A320;LEBL;LEMG;ECMEA;370;7:00:00;10;8:10:00
RYR95TH;B738;EGSS;LEBL;EIDWM;350;5:14:00;14;7:00:00
AEA38LZ;B738;LEBL;LEPA;ECLQX;170;7:01:00;11;7:25:00
WMT641;A321;LATI;LEBL;HALTC;370;4:49:00;5;7:00:00
VLG4TJ;A321;LEPA;LEBL;ECMLD;180;6:42:00;17;7:05:00
VLG9DP;A320;LEBL;LFPO;ECMFK;340;7:06:00;11;8:20:00
WZZ636;A21N;LHBP;LEBL;9HWDJ;350;5:10:00;10;7:05:00
MAC377C;A320;GMTT;LEBL;CNNML;380;5:45:00;15;7:05:00
VLG7481;A320;DAOO;LEBL;ECODN;300;6:13:00;8;7:05:00
VLG6VG;A320;LEBL;LEMH;ECOKH;190;7:11:00;11;7:40:00
SAS65D;A20N;EKCH;LEBL;SEROE;390;4:41:00;9;7:10:00
DLH55K;A21N;EDDF;LEBL;DAIEN;370;5:39:00;9;7:10:00
VLG67PA;A321;LEMH;LEBL;ECMQB;180;6:34:00;11;7:15:00
FIA512;A320;LEBL;LUKK;ER00008;370;7:20:00;20;10:00:00
ACA820;B77W;CYYZ;LEBL;CFIVM;360;23:30:00;0;7:15:00
RYR23VU;B738;LEBL;LEZL;9HQEU;350;7:10:00;20;8:25:00
LHX06E;A20N;LEBL;EDDM;DAIJN;380;7:15:00;10;9:05:00
RYR70YX;B38M;LIMF;LEBL;EIIHE;290;6:15:00;15;7:15:00
VLG70WL;A320;LEBL;GCLP;ECODL;370;7:13:00;11;10:10:00
AVA018;B788;SKBO;LEBL;N780AV;410;21:10:00;10;7:20:00
TRA3T;B738;LEBL;EHAM;PHHSI;360;7:23:00;20;9:05:00
RYR97BB;B738;LEBL;LHBP;SPRSI;380;7:25:00;20;9:30:00
VLG5FN;A320;LEBL;EGKK;ECMXP;360;7:12:00;12;9:15:00
VLG9FC;A320;LEBL;LEBB;ECJYX;290;7:19:00;11;8:15:00
EWG64N;A20N;EDDK;LEBL;DAENF;390;5:43:00;10;7:20:00
VLG7369;A320;GMTT;LEBL;ECMBE;380;5:45:00;10;7:25:00
EZY48HQ;A20N;EGAA;LEBL;GUZLF;390;5:20:00;10;7:25:00
VLG50RV;A320;LEBL;LEPA;ECOGC;170;7:26:00;11;7:55:00
RYR65HW;B738;LIPZ;LEBL;EIDLD;350;6:16:00;11;7:25:00
QTR138;B789;LEBL;OTHH;A7BHF;390;7:30:00;15;13:05:00
IBE04LK;A321;LEBL;LEMD;ECJZM;290;7:27:00;12;8:15:00
N818CA;GA5C;LEMD;LEBL;N818CA;280;6:31:00;21;7:30:00
TAM8114;B789;SBGR;LEBL;CCBGM;400;21:10:00;10;7:30:00
RYR33ML;B738;LEBL;GMMX;EIDCN;370;7:35:00;20;9:25:00
VLG94MT;A320;LIMC;LEBL;ECOJG;310;6:28:00;17;7:35:00
NSZ2900;B38M;EFHK;LEBL;SERTA;400;4:06:00;6;7:35:00
RYR83YF;B38M;LEBL;EYVI;SPRZK;370;7:41:00;20;10:45:00
WMT182;A21N;LEBL;LROP;9HWAY;370;7:42:00;20;10:15:00
EWG71W;A320;EDDL;LEBL;DABZN;390;5:46:00;11;7:35:00
RYR2VW;B738;LEBL;EVRA;SPRKS;370;7:40:00;20;11:00:00
DAL194;A359;KATL;LEBL;N572DZ;410;23:00:00;10;7:40:00
KLM1498;E190;LEBL;EHAM;DACJJ;380;7:46:00;10;9:30:00
RYR39XE;B738;EIDW;LEBL;EIEMK;370;5:52:00;22;7:40:00
EJU7106;A319;LSGG;LEBL;OELVG;290;6:45:00;10;7:40:00
IBE04AM;A321;LEMD;LEBL;ECJDR;300;6:46:00;16;7:45:00
VLG13JE;A321;LEBB;LEBL;ECMMU;280;7:02:00;10;7:45:00
RYR38YM;B738;LIME;LEBL;9HQAL;350;6:33:00;10;7:45:00
RYR39UM;B38M;EGPH;LEBL;9HVVI;370;5:32:00;12;7:50:00
VLG745N;A320;LEBL;EGBB;ECMAI;380;7:50:00;12;9:40:00
VLG6MB;A321;LEIB;LEBL;ECMJR;180;7:06:00;10;7:50:00
AAL112;B788;KMIA;LEBL;N803AL;410;0:09:00;25;7:50:00
WZZ17JZ;A21N;LEBL;EPWA;9HWDT;370;7:58:00;20;10:30:00
DAL251;A339;LEBL;KBOS;N401DZ;380;7:53:00;23;15:05:00
VLG5RJ;A320;LEXJ;LEBL;ECMEL;300;7:05:00;5;7:55:00
RYR8285;B38M;LEBL;EPKK;SPRZI;390;8:00:00;20;10:30:00
VLG404P;A320;LFPO;LEBL;ECLVU;390;6:32:00;12;7:55:00
WZZ3081;A21N;EPKK;LEBL;9HWAF;370;5:36:00;17;7:55:00
EZY53KT;A319;EGGW;LEBL;GEZAN;330;6:20:00;14;8:00:00
CYP322;BCS3;LCLK;LEBL;5BDEF;380;4:10:00;10;8:00:00
VLG2009;A320;LICB;LEBL;ECMBS;360;6:17:00;7;8:00:00
RYR66GR;B738;LEBL;EGSS;EIDWM;380;8:05:00;20;9:55:00
EIN5HJ;A20N;EIDW;LEBL;EINSA;370;6:02:00;22;8:05:00
VLG77TL;A20N;LFLL;LEBL;ECNDA;290;7:12:00;9;8:05:00
RYR64ZN;B738;LFOB;LEBL;EIEBF;370;6:55:00;15;8:05:00
SWR96M;A321;LEBL;LSZH;HBIOM;320;8:09:00;10;9:35:00
EWG4215;A320;LEBL;LKPR;9HEUN;380;8:07:00;20;10:10:00
EXS73PU;B738;EGBB;LEBL;OMLEX;350;6:15:00;15;8:05:00
KLM87P;B739;EHAM;LEBL;PHBXS;390;6:30:00;17;8:10:00
WZZ521;A21N;LEBL;EPWR;9HWMG;370;8:15:00;20;10:45:00
ICC03;C208;LEBL;LEBL;ECIRV;110;8:14:00;14;11:40:00
AUA39H;A320;LEBL;LOWW;OELBS;380;8:16:00;10;10:15:00
AFR75AZ;A321;LEBL;LFPG;FGTAP;320;8:05:00;10;9:50:00
NSZ365L;B38M;LEBL;EKCH;SENAA;390;8:15:00;20;10:45:00
VLG62RM;A321;LEBL;LIRF;ECMLD;340;8:21:00;11;9:40:00
NSZ4251;B738;ESSA;LEBL;SERXB;390;5:15:00;15;8:20:00
VLG4NV;A320;LIPE;LEBL;ECMER;350;7:00:00;15;8:20:00
WMT2DX;A21N;LEBL;LIRF;9HWNQ;340;8:20:00;20;9:45:00
VLG64RZ;A320;LEMH;LEBL;ECOFX;180;7:34:00;11;8:20:00
VLG31WN;A321;LEBL;LFPO;ECMQB;320;8:14:00;11;9:35:00
MAC376V;A320;LEBL;GMMW;CNNML;370;8:20:00;20;9:30:00
THY90W;A333;LTFM;LEBL;TCJNJ;390;5:20:00;25;8:25:00
RYR2246;B738;LIRF;LEBL;9HQEK;330;7:04:00;14;8:25:00
EDC996;E550;LEBL;EGCC;GWLKR;400;8:35:00;20;10:20:00
EZY94BU;A320;EGPF;LEBL;GEZOK;370;6:05:00;1;8:25:00
SAS51B;A20N;LEBL;EKCH;SEROE;390;8:16:00;10;10:50:00
WJA66;B38M;CYHZ;LEBL;CGEHF;380;1:30:00;10;8:25:00
VLG2485;A319;LESO;LEBL;ECMIQ;300;7:37:00;7;8:25:00
ANE45ZG;CRJX;LEBL;LEBZ;ECMLN;330;8:21:00;8;9:35:00
JCO025M;GLEX;LGRP;LEBL;GIFMI;430;5:24:00;8;8:25:00
VLG2EE;A320;GCLP;LEBL;ECLLJ;380;5:42:00;14;8:25:00
VLG22YH;A20N;LIMJ;LEBL;ECNCU;330;7:29:00;11;8:30:00
EWG78ZW;A20N;LEBL;EDDK;DAENF;380;8:25:00;20;10:20:00
RYR57WZ;B38M;LEBL;EGCC;EIIHE;360;8:27:00;21;10:30:00
WZZ979;A21N;LEBL;LHBP;9HWDJ;370;8:30:00;20;10:40:00
AAL192;B789;KDFW;LEBL;N826AN;410;22:48:00;18;8:30:00
AHY045;A319;UBBB;LEBL;4KAZ03;370;3:00:00;10;8:30:00
VLG33KR;A320;LEBL;EHAM;ECMVE;360;8:33:00;11;10:20:00
RYR7NQ;B738;LEBL;LEPA;9HQAD;190;8:31:00;21;9:00:00
VLG190W;A320;LEAS;LEBL;ECLOP;320;7:25:00;5;8:35:00
VLG5ZF;A20N;LEIB;LEBL;ECNFK;180;7:46:00;10;8:35:00
VLG2CL;A320;LEBL;LEIB;ECMBE;190;8:22:00;12;9:15:00
ITY074;A20N;LIRF;LEBL;EIHOM;350;7:14:00;11;8:35:00
FIN07RT;A321;LEBL;EFHK;OYRUU;350;8:32:00;8;12:25:00
EZY68NR;A319;EGKK;LEBL;GEZFT;330;6:51:00;11;8:40:00
VLG8250;A320;LEBL;LFPG;ECODN;300;8:38:00;13;10:00:00
DLH31H;A21N;LEBL;EDDF;DAIEN;360;8:32:00;11;10:30:00
DAL129;B764;LEBL;KJFK;N841MH;360;8:56:00;26;16:00:00
VLG6NA;A320;LEGR;LEBL;ECOFU;380;7:25:00;5;8:40:00
WMT277;A321;LEBL;LATI;HALTC;370;8:40:00;20;10:40:00
RYR10NA;B738;EGNX;LEBL;9HQFK;370;6:55:00;10;8:40:00
VLG37RL;A320;LIRF;LEBL;ECOGE;340;7:21:00;15;8:45:00
WMT95Z;A21N;LEBL;LOWW;9HWAO;360;8:42:00;20;10:45:00
VLG1VM;A320;LMML;LEBL;ECKDX;360;6:56:00;8;8:45:00
DFC63L;C56X;LEBL;LOWW;OKBIZ;410;8:49:00;20;10:50:00
JME210N;GALX;LEBL;LEMD;ECKRN;290;8:45:00;20;9:35:00
VLG9ML;A320;LFPG;LEBL;ECNUP;370;7:30:00;11;8:45:00
VLG29BB;A321;LEMG;LEBL;ECNLY;340;7:26:00;11;8:50:00
DLH77T;A321;EDDM;LEBL;DAIDX;350;7:16:00;11;8:50:00
EZY78AF;A20N;LEBL;EGAA;GUZLF;380;8:54:00;21;11:10:00
VLG52FK;A320;GCXO;LEBL;ECJTQ;380;6:10:00;4;8:50:00
EJU32WH;A319;LEBL;LSGG;OELVG;320;8:56:00;21;10:05:00
VLG2JJ;A320;LDSP;LEBL;ECMJB;370;7:08:00;8;8:55:00
VLG63UE;A321;LEBL;EDDB;ECMJR;350;8:51:00;11;11:15:00
SEU404;A21N;LEBL;LUKK;9HPEC;380;8:47:00;17;11:50:00
RYR4LV;B738;ELLX;LEBL;9HQEW;370;7:35:00;15;8:55:00
ETD35Q;B78X;LEBL;OMAA;A6BMI;390;8:49:00;9;15:10:00
VLG3DQ;A320;LSZH;LEBL;ECLVV;330;7:46:00;11;8:55:00
VLG7BN;A321;LSGG;LEBL;ECMHS;330;7:55:00;10;8:55:00
VLG48RF;A321;LFRS;LEBL;ECMHB;330;7:50:00;10;9:00:00
VLG6504;A320;LEBL;LIRN;ECOJG;380;8:52:00;12;10:45:00
IBE0408;A321;LEBL;LEMD;ECJDR;290;8:47:00;12;9:50:00
AEE710;A21N;LGAV;LEBL;SXNAK;340;6:26:00;12;9:00:00
AFR44HZ;A321;LFPG;LEBL;FGTAQ;370;7:45:00;23;9:00:00
VLG123D;A321;LEBL;EGKK;ECMMU;340;9:02:00;12;10:45:00
VLG78TV;A321;LIPZ;LEBL;ECMGZ;350;7:45:00;11;9:05:00
WZZ1053;A21N;LEBL;EPKK;9HWAF;370;9:05:00;20;11:25:00
TAP1030;A321;LPPT;LEBL;LYWSA;360;7:24:00;19;9:05:00
EWG6UP;A320;LEBL;EDDL;DABZN;360;9:02:00;20;10:50:00
RYR81BC;B738;LEBL;EGBB;9HQAL;380;8:50:00;20;10:55:00
AAL40;B788;KORD;LEBL;N870AX;410;1:17:00;37;9:10:00
EJU61VN;A319;LFSB;LEBL;OELKC;330;7:54:00;11;9:10:00
IBE2603;A332;LEBL;SAEZ;ECNNH;400;8:59:00;19;21:45:00
EZY57HF;A319;LEBL;EGGW;GEZAN;340;9:11:00;21;11:05:00
VLG2MC;A320;LEMH;LEBL;ECOKH;180;8:49:00;10;9:10:00
RYR40ZB;B738;LEBL;EIDW;EIEMK;360;9:17:00;16;11:20:00
VLG751K;A320;LEBL;EDDV;ECMEL;360;9:13:00;10;11:20:00
NSZ2901;B38M;LEBL;EFHK;SERTA;380;9:15:00;20;12:50:00
RYR72PP;B738;LICJ;LEBL;9HQBM;380;7:42:00;12;9:15:00
QQE256;GLF6;LFMN;LEBL;A7CGG;270;8:02:00;12;9:15:00
RYR745M;B38M;LEBL;EGPH;9HVVI;360;9:19:00;20;11:35:00
AEA56GM;B738;LEPA;LEBL;ECLQX;180;8:35:00;17;9:15:00
EXS69VT;B738;EGCC;LEBL;GJZHX;390;7:29:00;18;9:15:00
RYR6SU;B38M;EICK;LEBL;EIIJM;390;7:15:00;10;9:20:00
ABR291;B738;LEBL;EDDP;EIAZG;380;9:22:00;17;11:25:00
VLG33BZ;A320;LPPR;LEBL;ECMAH;320;8:02:00;10;9:20:00
UAL991;B789;LEBL;KIAD;N24974;400;9:24:00;14;16:45:00
VLG8GA;A320;LFPO;LEBL;ECMCU;370;8:12:00;13;9:20:00
BEL8DL;A320;EBBR;LEBL;OOTCH;390;7:52:00;12;9:20:00
KLM1512;B739;LEBL;EHAM;PHBXS;340;9:25:00;10;11:10:00
RYR68HJ;B738;LEBL;EGGW;EIEBF;340;9:20:00;20;11:20:00
VLG7CH;A20N;LEBL;LPFR;ECNDA;310;9:27:00;10;10:50:00
VLG7GX;A321;EBBR;LEBL;ECNLX;370;7:56:00;11;9:25:00
VLG69EA;A319;LEBL;LIRQ;ECMIQ;340;9:27:00;12;10:45:00
VLG4DC;A320;LEBL;LDDU;ECOJH;380;9:21:00;11;11:15:00
VLG7TJ;A320;LEBL;GCFV;ECMBS;370;9:25:00;11;12:20:00
DLH39X;A321;EDDF;LEBL;DAISV;370;8:04:00;14;9:30:00
VLG4MW;A321;LECO;LEBL;ECMHA;320;8:11:00;6;9:30:00
VLG49ND;A320;LEBL;LSGG;ECMER;320;9:28:00;10;10:45:00
RYR3471;B738;LEBL;LEAL;EIDLD;250;9:32:00;20;10:15:00
IBE26BT;A332;KBOS;LEBL;ECNRG;410;3:19:00;19;9:30:00
ELY394;B739;LEBL;LLBG;4XEHB;350;9:31:00;13;13:15:00
VLG83CA;A20N;LEBL;LFBD;ECNFK;340;9:34:00;10;10:20:00
VLG1869;A320;EDDS;LEBL;ECKHN;370;8:16:00;11;9:35:00
RYR1TV;B738;LEBL;LIRF;9HQEK;340;9:39:00;20;10:55:00
TVF12YC;A20N;LFPO;LEBL;FHXSB;370;8:12:00;7;9:35:00
UAE81W;B77L;LEBL;MMMX;A6EWJ;380;9:22:00;17;20:45:00
EZY68WE;A320;LEBL;EGPF;GEZOK;361;9:40:00;20;11:55:00
EXS37FA;B738;LEBL;EGBB;OMLEX;320;9:37:00;20;11:40:00
VLG2TP;A321;LIRN;LEBL;ECMPV;340;8:14:00;9;9:40:00
VLG8010;A20N;LEBL;LFPO;ECNCU;340;9:41:00;11;11:00:00
DAL168;A333;KJFK;LEBL;N810NW;390;2:25:00;30;9:45:00
NSZ2NJ;B738;LEBL;ESSA;SERXB;390;9:45:00;20;12:55:00
VLG4QA;A320;LEBL;LEZL;ECLOP;330;9:47:00;12;10:55:00
EZY68YK;A319;LEBL;EGKK;GEZFT;340;9:36:00;21;11:40:00
VLG3AW;A320;LEST;LEBL;ECMAN;320;8:15:00;15;9:45:00
VLG45FL;A320;LEBL;LIBD;ECLLJ;380;9:46:00;11;11:30:00
VLG41QL;A321;LDDU;LEBL;ECMQL;340;7:59:00;9;9:50:00
VLG68LU;A319;LIRQ;LEBL;ECMKV;350;8:35:00;20;9:50:00
EIN5WG;A20N;LEBL;EIDW;EINSA;360;9:55:00;21;11:55:00
RYR74XY;B738;EBBR;LEBL;EIDCJ;370;8:19:00;13;9:50:00
VLG2EQ;A20N;EKCH;LEBL;ECNCS;390;7:25:00;10;9:50:00
ITY077;A20N;LEBL;LIRF;EIHOM;340;9:52:00;10;11:10:00
BAW484C;A319;EGLL;LEBL;GEUOE;350;8:27:00;27;9:50:00
VLG49SM;A320;LEBL;LOWW;ECOFU;380;9:53:00;10;11:55:00
WMT3025;A21N;LIMC;LEBL;9HWNI;330;8:51:00;16;9:55:00
VLG8SD;A320;LEBB;LEBL;ECJYX;300;8:57:00;10;9:55:00
WJA8;B789;CYYC;LEBL;CGKKN;410;1:10:00;10;9:55:00
VLG2QK;A321;LEBL;LEGR;ECNLY;350;9:51:00;11;11:00:00
CYP323;BCS3;LEBL;LCLK;5BDEF;370;10:02:00;16;13:25:00
NMA7800;A320;HELX;LEBL;SUNMH;340;5:35:00;5;10:00:00
RYR6362;B738;LEBL;LEPA;9HQFK;190;9:45:00;20;10:25:00
RYR588Q;B738;LIPE;LEBL;EIENP;350;8:40:00;15;10:00:00
SIA387;A359;LEBL;WSSS;9VSMK;410;9:58:00;20;22:45:00
AEA84SQ;B789;LEBL;LEMD;ECOFP;290;10:00:00;11;10:50:00
VLG3WY;A320;LEBL;LIRF;ECMJB;340;10:06:00;11;11:25:00
RYR6TA;B738;LEBL;LPFR;9HQEW;370;10:15:00;20;11:35:00
AAL41;B788;LEBL;KORD;N803AL;380;10:02:00;13;18:10:00
DAL195;A359;LEBL;KATL;N572DZ;380;9:51:00;16;18:45:00
EJU96WZ;A319;EGKK;LEBL;OELQU;350;8:39:00;13;10:10:00
VLG1306;A320;LEBL;LEAL;ECOGE;270;10:03:00;13;11:00:00
AHY046;A319;LEBL;UBBB;4KAZ03;390;10:06:00;16;15:05:00
VLG6JG;A320;LEZL;LEBL;ECMYB;340;9:09:00;10;10:15:00
VLG69GB;A320;LEBL;GCXO;ECLVU;370;10:14:00;9;13:10:00
AAO14;E50P;LEGE;LEBL;OKVAN;100;9:59:00;9;10:15:00
LOT437;B738;EPWA;LEBL;SPLWD;380;7:35:00;15;10:15:00
JFA99X;PC24;LSZA;LEBL;LXZAP;310;9:05:00;5;10:15:00
VLG4AT;A320;LEBL;LEPA;ECNUP;170;10:06:00;11;10:45:00
VLG21ER;A321;LEBL;LIMC;ECMHB;300;10:15:00;10;11:35:00
KLM41H;B738;EHAM;LEBL;PHBXF;390;8:38:00;15;10:20:00
VLG17WR;A320;LEBL;EBBR;ECKRH;340;10:17:00;12;12:05:00
DLH92J;A321;LEBL;EDDM;DAIDX;360;10:18:00;10;12:05:00
AXE8108;B733;LIRQ;LEBL;LYCHF;350;9:23:00;20;10:20:00
AEA6037;B738;LEBL;LEPA;ECLQX;170;10:16:00;10;10:50:00
VLG9SY;A320;LEBL;LFSB;ECMAH;340;10:24:00;11;11:45:00
RYR6QP;B38M;LEBL;LEIB;EIIJM;190;10:23:00;20;11:00:00
DLH51F;A320;EDDM;LEBL;DAIUE;370;9:00:00;12;10:25:00
AXY632K;CRJ2;LFMN;LEBL;9HYOU;270;9:29:00;14;10:25:00
THY1854;A333;LEBL;LTFM;TCJNJ;400;10:28:00;15;13:15:00
PGT1ZF;A21N;LTFJ;LEBL;TCRBL;330;7:20:00;15;10:25:00
RYR4QJ;B738;LIME;LEBL;EIEMA;310;9:26:00;13;10:25:00
VLG3KG;A321;LEBL;EGCC;ECMGZ;340;10:28:00;13;12:30:00
NJE619H;CL35;LEBL;LEMG;CSCHD;310;10:33:00;20;11:40:00
VLG8PQ;A321;LEBL;LPPT;ECMHS;350;10:24:00;9;11:55:00
ACA823;B77W;LEBL;CYUL;CFIVM;380;10:24:00;14;17:30:00
CCA846;A359;LEBL;ZBAA;B307C;390;10:33:00;14;20:25:00
EJU86QA;A319;EGGD;LEBL;OELQQ;390;9:04:00;9;10:35:00
VLG5HA;A320;EHAM;LEBL;ECKDX;370;8:42:00;10;10:35:00
VLG57RJ;A320;LEBL;LIEO;ECLVV;340;10:37:00;12;11:45:00
AEE711;A21N;LEBL;LGAV;SXNAK;370;10:39:00;10;13:05:00
UAL121;B772;LEBL;KEWR;N795UA;360;10:20:00;20;18:00:00
AAL193;B789;LEBL;KDFW;N826AN;380;10:43:00;23;20:20:00
BEL7MF;A320;LEBL;EBBR;OOTCH;340;10:45:00;10;12:30:00
IBE2630;A332;KMIA;LEBL;ECOHY;400;1:55:00;10;10:45:00
EJU48YF;A319;LEBL;EDDB;OELKC;360;10:44:00;21;12:55:00
IBE04YZ;A321;LEMD;LEBL;ECJDM;260;9:57:00;15;10:45:00
RYR5293;B738;LEBL;LICJ;9HQBM;370;10:44:00;20;12:10:00
VLG141P;A320;LEIB;LEBL;ECMBE;180;10:06:00;7;10:50:00
VLG71PG;A320;EGKK;LEBL;ECMES;350;8:29:00;19;10:50:00
VLG8BL;A320;LEBL;LEJR;ECJTQ;350;10:35:00;10;12:00:00
N412JK;GA5C;LEBL;KTEB;N412JK;450;10:42:00;20;18:00:00
VLG55UB;A21N;EDDM;LEBL;ECNYE;350;9:23:00;13;10:50:00
IBE26MK;A339;KJFK;LEBL;CSTKH;400;4:10:00;30;10:50:00
VLG16CP;A321;LEBL;LIPZ;ECMHA;340;10:45:00;10;12:25:00
VLG93YP;A321;LEBL;LFRS;ECNLX;340;10:50:00;10;11:55:00
WJA67;B38M;LEBL;CYHZ;CGEHF;360;10:52:00;17;17:20:00
RYR29LL;B738;EPGD;LEBL;EIDPI;380;8:23:00;14;10:55:00
DLH76E;A20N;EDDF;LEBL;DAINJ;390;9:16:00;16;10:55:00
VLG46TQ;A320;LEBL;EGKK;ECOKH;340;10:58:00;12;12:40:00
VLG8ZX;A320;LEBL;LEBB;ECJYX;290;10:51:00;11;11:45:00
TSC260;A21N;CYUL;LEBL;CGOKG;360;3:55:00;10;11:00:00
VLG2DY;A320;LPPT;LEBL;ECOJH;380;9:01:00;15;11:00:00
VLG7BQ;A321;LGAV;LEBL;ECNLV;340;8:16:00;11;11:00:00
TVF38NC;A20N;LEBL;LFPO;FHXSB;360;10:55:00;20;12:15:00
QQE256;GLF6;LEBL;KTEB;A7CGG;470;10:56:00;20;18:10:00
KAC135;A338;OKKK;LEBL;9KAPF;400;5:05:00;10;11:00:00
VLG3070;A320;LEBL;LTFM;ECMCU;370;11:03:00;13;14:05:00
DLH62A;A321;LEBL;EDDF;DAISV;340;11:00:00;10;12:50:00
VLG87JF;A321;EIDW;LEBL;ECMGY;350;8:55:00;2;11:05:00
RYR7MW;B738;GMTT;LEBL;EIENG;380;9:50:00;15;11:05:00
EXS65BM;B738;LEBL;EGCC;GJZHX;380;11:00:00;20;13:05:00
VLG7HU;A321;LEBL;LFPO;ECMPV;340;11:05:00;10;12:20:00
VLG1QC;A320;LEBL;LEMH;ECMAN;190;11:06:00;11;11:40:00
CCA578;A359;LEBL;ZSPD;B1085;390;11:10:00;20;22:30:00
VLG93NJ;A320;LKPR;LEBL;ECLVO;370;9:16:00;17;11:10:00
VLG6109;A320;LIRF;LEBL;ECMFN;340;10:01:00;16;11:10:00
RZO506;A20N;LPPD;LEBL;CSTSK;390;7:59:00;9;11:10:00
VLG996B;A320;GCLP;LEBL;ECLAB;380;8:22:00;14;11:15:00
WMT7875;A21N;LEBL;LIMC;9HWNI;340;11:15:00;20;12:25:00
VLG52VQ;A20N;LEBL;EHAM;ECNCS;360;11:19:00;10;13:00:00
RYR58FA;B738;LEBL;EBCI;EIDCJ;340;11:20:00;20;12:55:00
BAW474K;A20N;EGLL;LEBL;GTTNT;350;9:49:00;23;11:15:00
THY8XM;A321;LTFM;LEBL;TCJSC;360;8:26:00;20;11:20:00
VLG7UA;A320;EGLL;LEBL;ECODM;350;9:11:00;27;11:20:00
VLG56XU;A320;LEBL;LEMH;ECMVO;190;11:06:00;16;11:50:00
AAL67;B772;LEBL;KJFK;N795AN;380;11:26:00;17;18:35:00
BAW485G;A319;LEBL;EGLL;GEUOE;340;11:02:00;12;13:05:00
VLG985G;A321;EDDH;LEBL;ECMLM;350;9:30:00;10;11:25:00
CSDJI;E50P;LEBL;LEPA;CSDJI;190;11:20:00;20;11:55:00
CPA318;A359;LEBL;VHHH;BLRC;410;11:25:00;21;22:35:00
ACA821;B77W;LEBL;CYYZ;CFIUL;360;11:34:00;16;19:00:00
BTI9TZ;BCS3;EVRA;LEBL;YLABX;380;8:19:00;10;11:30:00
SXS6E;B38M;LTBJ;LEBL;TCSMN;380;8:43:00;10;11:30:00
VLG98ZH;A320;LFPO;LEBL;ECMAO;390;10:13:00;11;11:30:00
VLG6QM;A320;LEBL;LEIB;ECMYB;190;11:25:00;10;12:10:00
TRA73A;B738;EHRD;LEBL;PHHXB;390;9:50:00;10;11:35:00
EJU32VL;A319;LEBL;LIRN;OELQU;360;11:37:00;20;13:25:00
TAP1031;A321;LEBL;LPPT;LYWSA;350;11:35:00;11;13:05:00
KLM48J;B738;LEBL;EHAM;PHBXF;340;11:31:00;11;13:20:00
UAE256;B77L;MMMX;LEBL;A6EWG;390;0:55:00;10;11:35:00
RYR12SD;B738;LEBL;LIME;EIENP;340;11:35:00;20;12:55:00
DLH55Y;A320;LEBL;EDDM;DAIUE;380;11:40:00;10;13:20:00
ANE70RM;CRJX;LEBZ;LEBL;ECMLN;340;10:35:00;5;11:40:00
LOT3TD;B738;LEBL;EPWA;SPLWD;391;11:35:00;10;14:15:00
RYR603R;B738;LEBL;LIRN;EIEMA;360;11:45:00;20;13:30:00
TAM8115;B789;LEBL;SBGR;CCBGM;380;11:46:00;26;21:35:00
VLG778R;A320;LEBL;LEIB;ECKDX;190;11:46:00;11;12:20:00
NJE451B;E55P;LEMG;LEBL;CSPJC;340;10:30:00;10;11:45:00
UAL769;B788;KORD;LEBL;N20904;410;2:59:00;24;11:45:00
UAE185;A388;OMDB;LEBL;A6EOT;400;4:25:00;10;11:45:00
AFR29VR;A321;LEBL;LFPG;FGTAQ;320;11:40:00;10;13:10:00
AAL113;B788;LEBL;KMIA;N870AX;400;11:44:00;14;20:35:00
VLG4SQ;A320;EGKK;LEBL;ECMXP;370;10:17:00;18;11:50:00
VLG2915;A20N;LFBD;LEBL;ECNFK;330;11:13:00;11;11:50:00
RYR9DX;B738;GCXO;LEBL;EIENF;380;8:54:00;4;11:55:00
VLG715N;A21N;LEBL;LEMH;ECNYE;190;11:55:00;10;12:25:00
UAL672;B772;KSFO;LEBL;N218UA;390;1:05:00;25;11:55:00
VLG6YH;A320;LEBL;LEZL;ECMES;310;11:53:00;12;13:05:00
VLG7339;A320;GMMI;LEBL;ECKDG;380;10:00:00;15;11:55:00
RYR64VP;B738;LPPR;LEBL;EIEVT;320;10:25:00;15;12:00:00
IBE04KP;A321;LEBL;LEMD;ECJDM;290;11:47:00;12;12:50:00
MAC375P;A320;GMMW;LEBL;CNNML;380;10:38:00;10;12:00:00
BEL9QH;A320;EBBR;LEBL;OOSNK;370;10:31:00;10;12:00:00
VLG9EK;A321;GCRR;LEBL;ECMMH;360;9:38:00;10;12:00:00
VLG84YN;A321;LFPO;LEBL;ECMQB;330;10:44:00;8;12:05:00
RYR33UV;B738;LPPR;LEBL;EIDCW;320;10:30:00;15;12:05:00
RYR9MM;B738;LEBL;LEMH;EIDPI;190;12:05:00;20;12:35:00
EJU91VG;A319;LSGG;LEBL;OELVG;290;11:05:00;10;12:05:00
IBE04BV;A321;LEMD;LEBL;ECJDR;280;11:11:00;16;12:10:00
RYR36EW;B738;LEPA;LEBL;9HQFK;180;11:37:00;17;12:10:00
RYR37AR;B738;LEAL;LEBL;EIDLD;260;11:13:00;13;12:10:00
PGT36QW;A21N;LEBL;LTFJ;TCRBL;360;12:18:00;21;15:10:00
VLG9UZ;A21N;GCLP;LEBL;ECNYF;340;9:17:00;14;12:15:00
VLG62LR;A320;LEBL;LICC;ECKHN;370;12:12:00;11;14:05:00
WMT8097;A320;LRCL;LEBL;9HWDA;370;9:40:00;10;12:15:00
VLG734G;A321;LEBL;LEAM;ECMQL;310;12:11:00;11;13:10:00
AAL743;B789;LEBL;KPHL;N820AL;380;12:16:00;13;19:30:00
VLG584F;A320;LEMG;LEBL;ECNUO;320;11:08:00;11;12:20:00
JCO025M;GLEX;LEBL;LSGS;GIFMI;320;12:20:00;20;13:35:00
EJU52LT;A319;LEBL;LIMC;OELQQ;300;12:21:00;20;13:35:00
QTR25Q;B789;OTHH;LEBL;A7BHW;380;6:05:00;10;12:25:00
VLG93TY;A321;LIRF;LEBL;ECMLD;341;11:03:00;15;12:25:00
VLG54HE;A320;LEBL;LSZH;ECMBE;340;12:19:00;11;13:50:00
DLH74K;A20N;LEBL;EDDF;DAINJ;340;12:17:00;10;14:15:00
IBE26RR;A332;LEBL;KLAX;ECODA;400;12:23:00;14;0:15:00
RYR7543;B738;LEBL;GMTT;EIENG;370;12:25:00;20;13:50:00
RAM964Y;B738;GMMN;LEBL;CNRGW;380;10:30:00;16;12:25:00
RYR895N;B738;GMMX;LEBL;EIDCN;380;10:39:00;15;12:25:00
ORO1041;C25C;LEBL;LEMH;ECNQS;190;12:05:00;20;12:55:00
VLG10LL;A20N;LEPA;LEBL;ECNBA;180;12:00:00;20;12:30:00
VLG9VN;A321;GCXO;LEBL;ECMOO;360;9:38:00;8;12:30:00
AVA019;B788;LEBL;SKBO;N780AV;400;12:22:00;13;22:15:00
NMA7801;A320;LEBL;HESX;SUNMH;340;12:29:00;16;16:10:00
PVA839P;GLEX;LFMN;LEBL;N551SW;290;11:32:00;12;12:30:00
VLG1HW;A320;GCFV;LEBL;ECKDH;380;9:48:00;10;12:35:00
VLG4DX;A320;ESSA;LEBL;ECMKN;370;9:40:00;15;12:35:00
VLG46YC;A321;LEBL;LFPG;ECNLV;320;12:31:00;11;14:00:00
VLG360H;A320;LEBL;LEPA;ECOJH;150;12:20:00;10;13:00:00
IBE26HD;A332;LEBL;KSFO;ECNEN;400;12:30:00;19;0:35:00
VLG60GG;A320;EGBB;LEBL;ECMAI;390;11:07:00;12;12:35:00
RZO507;A20N;LEBL;LPPD;CSTSK;380;12:35:00;20;15:50:00
VLG1GE;A320;LEBL;LEGR;ECMFN;310;12:26:00;11;13:55:00
VTB788;C650;BKPR;LEBL;HAJEM;390;10:23:00;5;12:40:00
RYR31UE;B38M;LEIB;LEBL;EIIJM;240;11:45:00;12;12:40:00
JFA99X;PC24;LEBL;LSGG;LXZAP;340;12:39:00;20;14:00:00
DAL169;A333;LEBL;KJFK;N810NW;360;12:41:00;26;19:55:00
BAW475E;A20N;LEBL;EGLL;GTTNT;340;12:38:00;13;14:30:00
VLG8JV;A320;LFPG;LEBL;ECODN;310;11:29:00;24;12:45:00
ANE53GX;CRJX;LEBL;LELN;ECMLN;330;12:29:00;8;13:40:00
VLG98EE;A320;LSGG;LEBL;ECMER;330;11:45:00;10;12:45:00
SWR87C;A321;LSZH;LEBL;HBIOD;330;11:31:00;14;12:45:00
RYR42EB;B738;EGGD;LEBL;EIDYX;370;11:20:00;15;12:45:00
AAO14;E50P;LEBL;LIRI;OKVAN;360;12:43:00;20;14:40:00
VLG7HG;A320;LEAL;LEBL;ECOGE;260;11:48:00;13;12:50:00
AXY385Y;CRJ2;LEBL;EGGW;9HYOU;340;12:20:00;20;14:45:00
VLG79UU;A320;LEBL;LEAL;ECMAO;270;12:48:00;10;13:30:00
EJU38KP;A20N;LPPT;LEBL;OELSQ;380;10:58:00;18;12:50:00
NSZ5527;B738;ENBR;LEBL;SERPE;390;10:09:00;9;12:50:00
TRA4W;B738;LEBL;EHAM;PHHXB;360;12:52:00;20;14:35:00
VLG15RE;A321;LEBL;LIRF;ECMGY;340;12:53:00;12;14:10:00
VLG70CR;A320;LEZL;LEBL;ECOFH;340;11:34:00;10;12:55:00
VLG8022;A320;LEBL;LFPO;ECLVO;340;12:45:00;10;14:10:00
SVA229;A333;OEJN;LEBL;HZAQ11;380;7:30:00;0;12:55:00
THY5BG;A321;LEBL;LTFM;TCJSC;360;12:55:00;12;15:50:00
MSR767;A21N;HECA;LEBL;SUGFU;360;9:15:00;15;12:55:00
DLH04P;A20N;EDDM;LEBL;DAINO;390;11:27:00;11;12:55:00
WJA7;B789;LEBL;CYYC;CGKKN;380;12:56:00;23;22:20:00
RJA107;A20N;OJAI;LEBL;JYRAH;370;8:35:00;10;13:00:00
WZZ2JK;A320;EPKT;LEBL;HALWU;380;10:40:00;10;13:00:00
VLG2PL;A320;LEMG;LEBL;ECOJF;360;11:36:00;16;13:00:00
AEA41FY;B738;LEPA;LEBL;ECLQX;180;11:56:00;17;13:00:00
WMT523;A321;LROP;LEBL;HALXQ;350;10:33:00;10;13:05:00
VLG7NU;A321;LEGR;LEBL;ECNLY;340;12:00:00;5;13:05:00
RYR82GJ;B738;LEBL;LPPR;EIEVT;330;13:16:00;20;14:30:00
EWG2U;A319;EDDS;LEBL;DABGN;350;11:43:00;8;13:10:00
TSC261;A21N;LEBL;CYUL;CGOKG;360;13:07:00;17;20:20:00
WMT227;A21N;LIPZ;LEBL;9HWNX;350;11:41:00;11;13:10:00
RYR9YB;B738;LEBL;LFOB;EIENF;340;13:05:00;20;14:35:00
VLG52RX;A20N;LFPO;LEBL;ECNCU;390;11:56:00;8;13:15:00
VLG2976;A321;LEBL;LFRS;ECMLM;320;13:15:00;10;14:20:00
VLG4HQ;A320;LEMH;LEBL;ECMAN;180;12:44:00;10;13:15:00
NJE674Y;E55P;LEBL;LEGE;CSPJC;190;13:20:00;20;13:45:00
DLH91A;A321;EDDF;LEBL;DAISI;370;11:46:00;11;13:15:00
TDR153;A320;LJLJ;LEBL;9ABTK;350;11:54:00;8;13:15:00
VOE55YD;A320;LFRS;LEBL;ECNPC;330;12:15:00;10;13:20:00
VLG59VA;A20N;LEBL;EDDS;ECNFK;340;13:23:00;11;14:50:00
VLG795H;A320;EHAM;LEBL;ECMVE;370;11:32:00;24;13:20:00
IBE04AW;A321;LEBL;LEMD;ECJDR;290;13:11:00;12;14:10:00
VOE67QG;A320;LIEO;LEBL;ECNOL;330;12:21:00;15;13:25:00
BTI26R;BCS3;LEBL;EVRA;YLABX;370;13:26:00;20;16:35:00
VLG34YJ;A319;LIRQ;LEBL;ECMIQ;360;12:08:00;20;13:25:00
VLG73UX;A320;LEBL;LEMG;ECNUO;350;13:24:00;11;14:30:00
KAC136;A338;LEBL;OKKK;9KAPF;390;13:22:00;21;18:45:00
NSZ2KT;B738;ESSA;LEBL;SERRF;390;10:20:00;15;13:25:00
BAW406;A319;EGLL;LEBL;GEUPN;350;11:53:00;18;13:30:00
RYR7451;B738;LIRF;LEBL;9HQEK;330;12:22:00;14;13:30:00
VLG64QA;A320;LEBL;GCXO;ECMXP;370;13:27:00;12;16:30:00
AFR83CM;BCS3;LFPG;LEBL;FHZUN;370;12:05:00;14;13:30:00
VLG5LZ;A320;LEBL;LEST;ECODM;330;13:28:00;13;14:45:00
RYR98EL;B738;LEBL;EIDW;9HQFK;380;13:25:00;20;15:40:00
VLG4MY;A320;LEMH;LEBL;ECMVO;180;12:59:00;9;13:35:00
VLG8UJ;A321;LEBL;LPPR;ECMLD;330;13:30:00;10;14:55:00
BNI5V;C525;LFKF;LEBL;SPDLV;290;12:29:00;10;13:35:00
VLG44NF;A320;LEBB;LEBL;ECJYX;300;12:47:00;9;13:35:00
WMT3LD;A320;LEBL;LRCL;9HWDA;390;13:38:00;20;16:10:00
IBE26VE;A332;KSFO;LEBL;ECODB;410;3:35:00;25;13:35:00
VLG82QN;A321;LEBL;EHAM;ECMQB;320;13:36:00;11;15:25:00
VLG19NT;A21N;LEBL;EBBR;ECNYF;340;13:30:00;10;15:20:00
VLG85XK;A320;LIRN;LEBL;ECOJG;340;12:14:00;12;13:40:00
RYR39TN;B738;EGCC;LEBL;9HQBW;370;11:48:00;12;13:40:00
EJU68XF;A319;LEBL;LFMN;OELVG;300;13:45:00;20;14:40:00
RYR88QQ;B738;LEBL;LIRF;EIDCW;340;13:40:00;20;15:00:00
VLG4BP;A321;EGKK;LEBL;ECMMU;350;12:20:00;35;13:45:00
BEL74C;A320;LEBL;EBBR;OOSNK;340;13:20:00;10;15:25:00
VLG49SU;A320;LEBL;LFMN;ECKDG;340;13:44:00;8;14:40:00
VLG8483;A20N;LPFR;LEBL;ECMES;300;12:14:00;10;13:45:00
VLG700D;A320;LEBL;LIPR;ECKDH;380;13:46:00;11;15:15:00
VJA545;CL30;LEBL;EHAM;N545XJ;360;13:52:00;20;15:35:00
RAM965Y;B738;LEBL;GMMN;CNRGW;370;13:42:00;12;15:25:00
RYR37EJ;B738;LEBL;EBBR;EIDCN;340;13:55:00;20;15:35:00
UAL770;B788;LEBL;KORD;N20904;400;13:50:00;13;22:00:00
VLG8RP;A320;LEIB;LEBL;ECMYB;180;13:21:00;7;13:55:00
VLG91UD;A320;LEBL;LEAS;ECLAB;330;13:45:00;10;15:00:00
VLG9WF;A320;LIEO;LEBL;ECLVV;310;12:57:00;15;13:55:00
RYR41SE;B738;LEBL;LKPR;EIDLD;380;14:01:00;21;15:55:00
ORO1042;C25C;LEMH;LEBL;ECNQS;180;13:25:00;5;13:55:00
RYR68AM;B38M;LEBL;LIEA;EIIJM;340;14:00:00;20;14:55:00
RYR7TC;B738;EGBB;LEBL;9HQAL;370;12:05:00;15;14:00:00
DLH65U;A20N;LEBL;EDDM;DAINO;380;13:56:00;11;15:45:00
EZY69CT;A320;EGGW;LEBL;GEZTM;350;12:10:00;13;14:00:00
IBE26LW;A332;LEBL;KMIA;ECOHY;400;13:53:00;13;23:20:00
VLG7VQ;A320;LEBL;LIBD;ECOGE;380;14:05:00;10;15:40:00
RYR32TM;B738;LOWW;LEBL;EIEFO;370;12:18:00;12;14:05:00
AFR34QV;BCS3;LFPG;LEBL;FHPNP;370;12:28:00;17;14:05:00
VLG75AZ;A320;LEBL;LEZL;ECMKN;330;14:00:00;10;15:10:00
MAC378Y;A320;LEBL;GMTT;CNNML;370;14:12:00;21;15:25:00
RYR6421;B738;LPFR;LEBL;9HQEW;380;12:37:00;10;14:05:00
VLG88TZ;A320;LDDU;LEBL;ECMEL;350;12:19:00;9;14:10:00
DLH21W;A320;EDDF;LEBL;DAIUA;370;12:22:00;12;14:10:00
VLG79TF;A321;LIMC;LEBL;ECMHB;290;12:57:00;17;14:10:00
UAE256;B77L;LEBL;OMDB;A6EWG;370;14:06:00;12;20:20:00
RYR853B;B738;LIPZ;LEBL;EIDYW;350;12:28:00;13;14:10:00
VLG5KD;A321;LFRS;LEBL;ECNLX;330;13:05:00;10;14:10:00
VLG41SF;A320;LFSB;LEBL;ECMAH;330;12:46:00;10;14:10:00
AEA6071;B738;LEBL;LEPA;ECLQX;170;14:07:00;10;14:35:00
VLG7WW;A320;LIBD;LEBL;ECLLJ;350;12:33:00;8;14:15:00
ITY076;A21N;LIRF;LEBL;EIHXG;350;12:55:00;11;14:15:00
RYR82LH;B738;LEBL;EGGD;EIDYX;340;14:10:00;20;16:05:00
VLG7ZR;A320;LEBL;LEMG;ECOJF;370;14:11:00;11;15:20:00
RYR3VJ;B738;EGGW;LEBL;EIEBF;350;12:25:00;18;14:15:00
WMT896;A321;LEBL;LROP;HALXQ;370;14:10:00;20;17:05:00
KLM93Z;B739;EHAM;LEBL;PHBXT;350;12:28:00;14;14:15:00
VLG6516;A320;LEBL;LIMF;ECMER;340;14:10:00;10;15:25:00
VLG5MF;A321;LEBL;LEMH;ECMMH;190;14:18:00;11;14:45:00
RYR1DC;B738;LEMH;LEBL;EIDPI;180;13:40:00;10;14:20:00
EJU52PZ;A320;LFLL;LEBL;OEIVD;290;13:04:00;9;14:20:00
VLG3TG;A320;EDDV;LEBL;ECNFK;370;12:25:00;10;14:20:00
VLG8HH;A321;LEBL;LIMC;ECMOO;300;14:17:00;12;15:35:00
SXS4M;B38M;LEBL;LTBJ;TCSMN;370;14:23:00;20;17:10:00
RYR996Z;B738;LEST;LEBL;EIDWC;320;12:55:00;15;14:20:00
NSZ5504;B738;LEBL;ESGG;SERPE;390;14:25:00;20;17:00:00
VLG213Q;A21N;LEMH;LEBL;ECNYE;180;13:39:00;9;14:25:00
EJU68DK;A20N;LEBL;LPPT;OELSQ;390;14:26:00;21;16:05:00
EWG9TP;A320;EDDL;LEBL;9HSWJ;350;12:36:00;11;14:25:00
VLG90AB;A321;EDDB;LEBL;ECMJR;350;12:24:00;9;14:25:00
PVA1839;GLEX;LEBL;KPIT;N551SW;430;14:10:00;20;22:15:00
VLG71YZ;A320;LEIB;LEBL;ECKDX;180;13:36:00;10;14:30:00
VLG31ZF;A319;LEBL;LEMH;ECMKV;190;14:27:00;10;15:00:00
WMT6DJ;A21N;LEBL;LIPZ;9HWNX;360;14:23:00;20;16:05:00
VLG45UC;A320;LEJR;LEBL;ECJTQ;340;12:57:00;7;14:30:00
VLG8FK;A320;LEBL;LEIB;ECODN;190;14:15:00;10;15:10:00
SWR4TD;A321;LEBL;LSZH;HBIOD;340;14:25:00;10;16:05:00
VLG80YY;A320;LOWW;LEBL;ECOFU;350;12:53:00;10;14:35:00
UAL673;B772;LEBL;KSFO;N218UA;380;14:14:00;14;2:10:00
VLG32QU;A320;LEBL;LPPT;ECOFH;370;14:11:00;10;16:10:00
WZZ6457;A320;LEBL;EPKT;HALWU;390;14:35:00;20;17:00:00
ALE04;PC24;LEPA;LEBL;9HAPX;180;14:20:00;20;14:40:00
VOE4NJ;A320;LEBL;LFRS;ECNPC;340;14:35:00;20;15:50:00
EWG81R;A319;LEBL;EDDS;DABGN;340;14:39:00;20;16:10:00
MSR768;A21N;LEBL;HECA;SUGFU;370;14:39:00;13;18:15:00
AFR91TU;BCS3;LEBL;LFPG;FHZUN;340;14:38:00;10;16:10:00
VOE4BE;A320;LEBL;LIEO;ECNOL;390;14:36:00;20;15:40:00
VLG8YF;A321;LPPT;LEBL;ECMHS;340;13:15:00;15;14:45:00
DLH06V;A321;LEBL;EDDF;DAISI;360;14:47:00;11;16:35:00
BAW407;A319;LEBL;EGLL;GEUPN;340;14:45:00;12;16:30:00
IBE26RZ;A332;KLAX;LEBL;ECNRH;410;4:22:00;22;14:45:00
SVA228;A333;LEBL;OEJN;HZAQ11;410;14:39:00;14;20:05:00
VLG25VH;A321;LEBL;LEPA;ECNLY;190;14:50:00;10;15:20:00
VTB788;C650;LEBL;LSZH;HAJEM;300;14:54:00;20;16:20:00
VLG8DC;A320;LEBL;LEMG;ECOJG;370;14:36:00;11;16:05:00
TDR154;A320;LEBL;LJLJ;9ABTK;340;14:46:00;20;16:35:00
AEA32MG;B789;LEMD;LEBL;ECNCY;280;14:00:00;20;14:55:00
VLG9YK;A320;LEBL;EHAM;ECMVO;340;14:41:00;11;16:45:00
RYR6851;B738;LIRF;LEBL;9HQEN;330;13:43:00;13;14:55:00
RJA108;A20N;LEBL;OJAI;JYRAH;370;14:51:00;12;18:55:00
VLG57ZG;A321;LFPO;LEBL;ECMPV;350;13:38:00;13;14:55:00
QTR75K;B789;LEBL;OTHH;A7BHW;390;14:53:00;15;20:40:00
VLG1AL;A320;EBBR;LEBL;ECKRH;370;13:16:00;11;15:00:00
TAP1034;A320;LPPT;LEBL;CSTNJ;340;13:18:00;13;15:00:00
PAV541H;C525;LEBL;LEVX;DIJLJ;330;15:10:00;20;16:35:00
RYR3028;B738;LEBL;LEIB;9HQEK;190;14:50:00;20;15:40:00
BBG252;A320;LLBG;LEBL;5BDDO;360;11:17:00;15;15:05:00
VLG7PM;A321;LIPZ;LEBL;ECMHA;350;13:46:00;11;15:05:00
RYR3XQ;B738;LEBL;LEPA;9HQBW;190;15:02:00;20;15:30:00
THY1FP;A333;LTFM;LEBL;TCLOA;380;12:05:00;20;15:05:00
VLG8XT;A320;LEBL;LEBB;ECJYX;290;14:47:00;12;15:50:00
VLG57XD;A320;LEBL;EGKK;ECMAN;360;15:07:00;12;16:55:00
VLG36XL;A20N;LEBL;LIRQ;ECNDA;301;14:56:00;11;16:35:00
EWG7524;A320;EDDH;LEBL;9HSWN;360;13:15:00;10;15:10:00
VLG8580;A320;LEBL;LATI;ECMAI;380;15:07:00;12;17:10:00
GES401V;F2TH;LFMN;LEBL;ECLGV;300;14:32:00;6;15:10:00
VLG9FX;A20N;LEBL;LFPO;ECNCU;340;14:45:00;10;16:25:00
BNI5V;C525;LEBL;LIEO;SPDLV;340;15:10:00;20;16:30:00
VLG37CR;A320;LEPA;LEBL;ECMLE;180;14:22:00;17;15:15:00
VLG48UY;A320;LEBL;LFML;ECMVE;260;15:01:00;11;15:55:00
VLG61TN;A321;LEBL;LEPA;ECMMU;150;15:16:00;13;15:40:00
AFR71WK;BCS3;LEBL;LFPG;FHPNP;340;15:14:00;11;16:45:00
EZY32CM;A320;LEBL;EGGW;GEZTM;340;14:56:00;21;17:10:00
RYR79DL;B738;EBCI;LEBL;EIDWR;370;13:55:00;15;15:20:00
RYR4JY;B738;LEBL;LFBI;9HQEW;320;15:20:00;20;16:25:00
VLG3521;A320;LEIB;LEBL;ECMNZ;180;14:47:00;12;15:20:00
VLG2AX;A321;LEBL;GCLP;ECMHB;350;15:20:00;10;18:15:00
VLG1EB;A320;LEAL;LEBL;ECMAO;280;14:38:00;13;15:25:00
VLG365N;A320;LEBL;LFMN;ECOFX;300;15:21:00;11;16:25:00
BAW480N;A21N;EGLL;LEBL;GTNEA;370;13:51:00;22;15:25:00
RYR6XP;B738;LEBL;EGPH;9HQAL;380;15:20:00;20;17:45:00
VLG2FA;A321;LEAM;LEBL;ECMQL;340;14:24:00;5;15:25:00
EJU4384;A320;LEBL;LFLL;OEIVD;300;15:21:00;21;16:25:00
DNA411;A320;LRBC;LEBL;YRJUL;350;12:58:00;10;15:30:00
VLG8TW;A320;LEBL;BIKF;ECLVV;380;15:20:00;10;19:30:00
RYR902Y;B738;LEBL;LEST;EIDWC;330;15:29:00;20;16:50:00
RYR4596;B738;LPPR;LEBL;EIEBL;320;14:05:00;15;15:30:00
SWR1958;A321;LSZH;LEBL;HBIOH;330;14:13:00;13;15:30:00
VLG962F;A319;LEBL;LESO;ECMIQ;290;15:15:00;10;16:20:00
DLH43K;A320;LEBL;EDDF;DAIUA;380;15:25:00;10;17:20:00
RYR8574;B738;LEBL;LIPZ;EIDYW;380;15:39:00;20;17:00:00
DLH03H;BCS3;EDDM;LEBL;YLABR;350;13:57:00;12;15:35:00
NSZ8JT;B738;LEBL;ENGM;SERRF;370;15:25:00;20;18:40:00
ITY079;A21N;LEBL;LIRF;EIHXG;340;15:24:00;10;16:55:00
RYR419B;B738;LEBL;LIMC;EIEBF;300;15:35:00;20;16:55:00
VLG19JA;A320;LEBL;GCXO;ECMEL;370;15:35:00;10;18:30:00
ABR294;B738;EDDP;LEBL;EIAZG;370;13:55:00;10;15:40:00
VLG67DH;A320;LEBL;LEIB;ECJTQ;190;15:30:00;10;16:20:00
RYR99GF;B738;LEBL;LGKR;EIDPI;370;15:45:00;20;17:45:00
VLG5XG;A21N;LEBL;EGCC;ECNYE;340;15:32:00;12;17:45:00
ULC44;C68A;LFTZ;LEBL;9HAOA;290;14:58:00;2;15:45:00
VLG25CX;A320;LEBL;LEIB;ECKDX;190;15:28:00;10;16:25:00
DLH54C;A321;EDDF;LEBL;DAISR;370;14:23:00;14;15:45:00
VLG97CV;A320;EGKK;LEBL;ECOKH;370;14:21:00;20;15:50:00
EJU59AT;A319;EDDB;LEBL;OELKC;370;13:52:00;7;15:50:00
KLM16K;B739;LEBL;EHAM;PHBXT;360;15:55:00;12;17:35:00
VLG4CT;A320;LSZH;LEBL;ECMBE;350;14:36:00;11;15:50:00
EWG9CA;A320;LEBL;EDDL;9HSWJ;340;15:59:00;20;17:40:00
VLG49TP;A321;LEBL;EDDB;ECNLX;350;16:00:00;12;18:10:00
RYR81RY;B738;LEBL;LOWW;EIEFO;360;16:02:00;20;18:00:00
IBE04VH;A321;LEMD;LEBL;ECHUH;280;14:29:00;16;15:55:00
AIZ271;A21N;LLBG;LEBL;4XAGK;350;12:11:00;15;16:00:00
VLG3LM;A320;LEBL;LKPR;ECOFU;380;16:08:00;11;18:05:00
VLG5LQ;A320;LEBL;LIEE;ECLLJ;340;16:13:00;11;17:05:00
VLG3707;A321;LEMH;LEBL;ECMMH;180;15:49:00;10;16:10:00
VLG1594;A321;LEBL;HECA;ECMHS;350;16:11:00;13;19:55:00
AFR88WR;A321;LFPG;LEBL;FGTAQ;370;14:55:00;15;16:10:00
RYR19VT;B738;LEBL;LIRF;9HQEN;360;16:15:00;20;17:25:00
AEA62AA;B738;LEPA;LEBL;ECLQX;180;15:44:00;17;16:10:00
VLG8YA;A320;LEBL;EDDL;ECKRH;360;16:19:00;11;18:05:00
SAS1811;A20N;ESSA;LEBL;SEROX;390;13:10:00;15;16:15:00
VLG42HH;A320;GCFV;LEBL;ECMBS;360;13:23:00;10;16:15:00
VLG6UF;A320;LEBL;LEIB;ECMNZ;190;16:18:00;11;16:55:00
BAW472M;A21N;EGLL;LEBL;GTNEB;370;14:40:00;25;16:20:00
RYR7CT;B738;EGGP;LEBL;EIENM;370;14:30:00;15;16:20:00
BBG251;A320;LEBL;LLBG;5BDDO;350;16:24:00;20;20:05:00
VLG3BU;A20N;EHAM;LEBL;ECNCS;390;14:39:00;15;16:20:00
VLG9DL;A321;LEBL;EKCH;ECMJR;350;16:21:00;11;18:50:00
RYR90MH;B738;LIRN;LEBL;EIEMA;350;14:44:00;14;16:25:00
RYR44YY;B738;EDDB;LEBL;EIEVC;370;14:24:00;9;16:25:00
VLG9PH;A319;LEMH;LEBL;ECMKV;180;15:47:00;10;16:25:00
EJU56MW;A319;LFMN;LEBL;OELVG;290;15:30:00;12;16:25:00
VLG4RW;A321;LIRF;LEBL;ECMGY;340;15:24:00;14;16:30:00
RYR963U;B738;LEBL;LPPR;EIEBL;330;16:35:00;20;17:55:00
VLG4ZY;A321;LFRS;LEBL;ECMLM;330;15:40:00;10;16:30:00
VLG1SX;A321;LEBL;EHAM;ECMHA;340;16:37:00;11;18:20:00
VLG98GU;A320;LEBL;LEPA;ECMLE;150;16:25:00;10;17:00:00
VOE5JR;A319;LEAS;LEBL;ECMUX;320;15:20:00;5;16:35:00
RYR73VE;B38M;LIEA;LEBL;EIIJM;310;15:40:00;10;16:35:00
VLG16XE;A321;EGCC;LEBL;ECMGZ;350;14:50:00;17;16:35:00
TAP35BC;A320;LEBL;LPPT;CSTNJ;350;16:43:00;11;18:05:00
AAO59;PC12;LFML;LEBL;OKPCF;250;15:36:00;6;16:40:00
VLG4LP;A320;LEBL;EDDB;ECMAO;360;16:36:00;10;18:50:00
VLG53FY;A320;LFMN;LEBL;ECKDG;290;15:50:00;11;16:40:00
VLG7DY;A320;LEBL;EDDH;ECMAH;360;16:45:00;10;18:50:00
KLM69C;B738;EHAM;LEBL;PHBXB;410;14:56:00;13;16:45:00
SWR22Y;A321;LEBL;LSZH;HBIOH;320;16:45:00;10;18:15:00
EWG75Z;A320;EDDL;LEBL;9HMLO;350;14:36:00;11;16:45:00
VLG1PN;A321;LEBL;EGKK;ECMQL;340;16:47:00;12;18:35:00
VLG232C;A321;LFPG;LEBL;ECNLV;350;15:30:00;25;16:45:00
EJU65KC;A319;LIRN;LEBL;OELQU;340;15:17:00;14;16:50:00
IBE26EV;A339;LEBL;KJFK;CSTKH;380;16:56:00;26;0:00:00
VLG48JN;A321;LEBL;LICC;ECMPV;350;16:48:00;10;18:25:00
NSZ3658;B738;EKCH;LEBL;SERPJ;390;14:20:00;10;16:50:00
THY7RS;A333;LEBL;LTFM;TCLOA;400;16:51:00;13;19:40:00
RYR1JV;B738;LFOB;LEBL;EIENF;370;15:35:00;15;16:55:00
BAW481B;A21N;LEBL;EGLL;GTNEA;360;16:52:00;12;18:40:00
VLG5QB;A320;LEIB;LEBL;ECODN;180;16:01:00;12;16:55:00
VLG88YX;A320;GCXO;LEBL;ECMOG;360;14:08:00;8;16:55:00
RYR4AC;B738;LEBL;GMME;EIDWR;370;16:55:00;20;18:40:00
WZZ98;A21N;LHBP;LEBL;HALGN;350;14:57:00;10;16:55:00
NJE024U;CL35;EGKB;LEBL;CSCHG;350;15:40:00;10;17:00:00
VLG7YK;A320;LEBL;EGLL;ECOKI;360;16:56:00;16;18:45:00
WZZ671;A21N;EPWA;LEBL;9HWDP;360;14:20:00;21;17:00:00
RYR2WJ;B38M;EDDK;LEBL;9HVVR;390;15:22:00;17;17:00:00
ETD19N;B789;OMAA;LEBL;A6BNB;400;10:15:00;10;17:05:00
VLG787R;A321;LEPA;LEBL;ECNLY;180;16:24:00;5;17:05:00
VLG5DD;A320;LEBL;EDDM;ECMYC;380;17:12:00;17;18:50:00
EJU43FZ;A319;LEBL;LSGG;OELKC;320;17:13:00;21;18:20:00
VLG1579;A320;LEAS;LEBL;ECLAB;320;16:05:00;5;17:10:00
RYR22VB;B738;LEIB;LEBL;9HQEK;240;16:30:00;7;17:10:00
DLH09W;BCS3;LEBL;EDDM;YLABR;340;17:10:00;11;18:55:00
VLG15NF;A320;LEBL;GCRR;ECMBE;350;17:10:00;10;19:50:00
EWG7W;A320;LEBL;EDDH;9HSWN;360;17:16:00;20;19:20:00
RAM960U;B738;GMMN;LEBL;CNROC;400;15:21:00;16;17:10:00
VLG2KV;A320;LEST;LEBL;ECODM;320;15:50:00;15;17:10:00
IBE04YG;A321;LEBL;LEMD;ECHUH;290;16:51:00;12;18:05:00
AEA83QQ;B738;LEBL;LEPA;ECLQX;170;17:12:00;10;17:40:00
VLG9BC;A321;LEPA;LEBL;ECMMU;180;16:52:00;17;17:15:00
VLG2WY;A320;LEBL;LIMC;ECOKH;300;17:22:00;11;18:35:00
DAH2014;B738;DAAG;LEBL;7TVKQ;340;16:30:00;5;17:20:00
AAR511;A359;RKSI;LEBL;HL7578;400;3:00:00;10;17:20:00
RYR51YH;B738;LIRF;LEBL;EIDCW;330;16:12:00;17;17:20:00
AFR41VV;A321;LEBL;LFPG;FGTAQ;360;17:22:00;10;18:45:00
VLG73KB;A320;LICC;LEBL;ECKHN;360;15:45:00;20;17:25:00
TRA6789;B738;EHEH;LEBL;PHHXE;410;15:55:00;10;17:25:00
SAS1812;A20N;LEBL;ESSA;SEROX;390;17:31:00;10;20:35:00
ASL91T;A319;LYBE;LEBL;YUAPK;320;15:15:00;10;17:25:00
CFE8759;E190;EGLC;LEBL;GLCYU;370;15:48:00;6;17:30:00
VLG22MK;A320;LEBL;LFPG;ECMBS;340;17:31:00;11;18:50:00
VLG2HL;A321;LPPR;LEBL;ECMLD;320;16:07:00;12;17:30:00
VLG96BX;A319;LEBL;LFPO;ECMKV;340;17:25:00;11;18:50:00
RYR2494;B738;LEPA;LEBL;9HQBW;180;17:01:00;17;17:30:00
AUA393E;A321;LOWW;LEBL;OELBC;350;15:51:00;9;17:35:00
VLG3NY;A321;LEBL;EBBR;ECMMH;340;17:39:00;12;19:10:00
NOZ42BM;A320;ENGM;LEBL;OYJRK;370;14:34:00;9;17:35:00
EJU85AN;A319;LEBL;LPPT;OELVG;390;17:16:00;21;19:15:00
VLG32XP;A20N;EDDS;LEBL;ECNFK;390;16:19:00;6;17:35:00
VOE2WA;A319;LEBL;LEAS;ECMUX;330;17:35:00;20;18:50:00
RYR791;B738;LKPR;LEBL;9HQBP;370;15:54:00;10;17:35:00
BAW486;A320;EGLL;LEBL;GEUUI;370;16:04:00;24;17:40:00
BAW473D;A21N;LEBL;EGLL;GTNEB;360;17:42:00;12;19:25:00
SWR4KW;A320;LSZH;LEBL;HBIJQ;330;16:19:00;12;17:40:00
VLG4KK;A320;LEBL;LPPT;ECKDG;350;17:42:00;10;19:20:00
VLG91LR;A320;LIMF;LEBL;ECLVU;290;16:51:00;5;17:45:00
AAO59;PC12;LEBL;LEIB;OKPCF;190;17:20:00;20;18:40:00
RYR77HR;B738;LEBL;EDDB;EIEVC;380;17:52:00;20;20:00:00
VLG833A;A320;LFPO;LEBL;ECLOB;370;16:33:00;8;17:45:00
VLG14JA;A321;LEBL;LIMC;ECNLV;300;17:51:00;11;19:00:00
TRA139T;B738;EHAM;LEBL;PHHXB;390;15:57:00;19;17:50:00
RYR88JP;B738;LEBL;EGGP;EIENM;380;17:54:00;20;19:50:00
TVF27TW;A20N;LFPO;LEBL;FHXSL;370;16:43:00;6;17:50:00
DNA412;A320;LEBL;LRBC;YRJUL;350;17:55:00;20;20:30:00
EWG56Y;A319;EDDS;LEBL;DAGWO;350;16:21:00;6;17:50:00
RYR5HQ;B38M;LEBL;LHBP;EIIJM;390;17:54:00;20;20:00:00
RYR36MJ;B738;EGSS;LEBL;9HQDA;370;16:04:00;10;17:50:00
RYR46GZ;B738;LEBL;EGSS;EIEMA;360;17:50:00;20;19:40:00
MAC373P;A320;GMMN;LEBL;CNNMS;380;15:47:00;10;17:55:00
VLG1WL;A321;LEBL;LIPZ;ECMLM;340;17:56:00;11;19:25:00
FIN01AD;A321;EFHK;LEBL;OYRUU;350;14:17:00;9;17:55:00
EJU43NP;A319;LEBL;LFSB;OELQU;340;17:58:00;20;19:20:00
VLG6ZR;A320;LEIB;LEBL;ECJTQ;180;17:11:00;10;17:55:00
VLG22ST;A321;LEBL;LIRF;ECMGZ;340;17:58:00;13;19:10:00
EZY85YZ;A319;EGKK;LEBL;GEZBX;390;16:15:00;22;18:00:00
VLG58UT;A321;LEBL;LEIB;ECMRF;190;17:47:00;17;18:30:00
VLG5CF;A321;LEBL;LIRN;ECMGY;360;17:56:00;10;19:30:00
VLG75QL;A20N;LEBL;LIRQ;ECNCS;300;17:55:00;10;19:20:00
WZZ308;A320;LBSF;LEBL;HALWE;350;15:40:00;13;18:00:00
KLM82D;B738;LEBL;EHAM;PHBXB;360;18:04:00;10;19:50:00
VLG45EM;A320;GCLP;LEBL;ECLOP;380;15:07:00;13;18:05:00
VLG3DX;A320;LEBL;GCXO;ECMOG;370;18:11:00;11;20:55:00
IBE26TT;A332;LEBL;KBOS;ECODB;390;16:40:00;10;1:05:00
WMT7HE;A320;LRIA;LEBL;9HWBA;390;15:29:00;11;18:05:00
ABR421;B738;LEBL;LIMC;EIAZG;300;18:11:00;17;19:25:00
VLG78CE;A321;LIMC;LEBL;ECMOO;310;17:04:00;13;18:10:00
VLG4JA;A320;LEBL;EHAM;ECODN;300;18:08:00;11;20:05:00
EWG3HN;A320;EDDK;LEBL;DABZL;390;16:30:00;22;18:10:00
VLG5HM;A320;LFMN;LEBL;ECOFX;290;17:16:00;11;18:10:00
AIZ272;A21N;LEBL;LLBG;4XAGK;354;18:12:00;12;21:55:00
SAS4685;A20N;ENGM;LEBL;SERZE;390;15:26:00;14;18:15:00
IBE04VC;A20N;LEMD;LEBL;ECNCM;300;17:27:00;16;18:15:00
RYR30FM;B738;LEBL;EIDW;9HQEK;380;18:17:00;20;20:20:00
VLG4VT;A319;LESO;LEBL;ECMIQ;280;17:11:00;7;18:15:00
CTN72E;BCS3;LDZA;LEBL;9ACAN;370;16:35:00;10;18:15:00
VLG7UR;A321;LEBL;EGKK;ECNLY;341;18:08:00;12;20:00:00
VLG55MP;A320;LIPR;LEBL;ECKDH;310;16:49:00;10;18:20:00
EWG4TR;A320;LEBL;EDDL;9HMLO;340;18:26:00;20;20:00:00
LGL93B;B737;ELLX;LEBL;LXLBR;370;16:33:00;10;18:20:00
VLG1706;A320;LEBL;LEVX;ECLAB;330;18:16:00;11;19:40:00
VLG6EB;A320;LEIB;LEBL;ECKDX;180;17:52:00;11;18:20:00
RYR651H;B738;EBBR;LEBL;EIDCN;370;16:50:00;9;18:25:00
VLG5JJ;A321;LEBL;LPPT;ECMMU;350;18:30:00;10;19:55:00
RYR6297;B738;LFBI;LEBL;9HQEW;330;17:27:00;5;18:25:00
WMT8JM;A321;LROP;LEBL;HALXL;350;15:50:00;10;18:25:00
BAW4GS;A20N;EGLL;LEBL;GTTNL;390;17:02:00;27;18:30:00
CFE49N;E190;LEBL;EGLC;GLCYU;380;18:25:00;12;20:20:00
VLG8983;A21N;EBBR;LEBL;ECNYF;350;16:59:00;9;18:30:00
WZZ6079;A21N;LEBL;LHBP;HALGN;370;18:25:00;20;20:45:00
RYR2507;B38M;LEBL;EDDK;9HVVR;360;18:37:00;20;20:20:00
WMT2147;A21N;LIRF;LEBL;9HWAJ;350;17:23:00;14;18:35:00
TAP1036;A20N;LPPT;LEBL;CSTVD;340;16:59:00;20;18:35:00
NSZ3659;B738;LEBL;EKCH;SERPJ;370;18:34:00;20;21:10:00
RYR24CN;B738;LEBL;LIPE;EIDCW;340;18:39:00;20;20:00:00
BEL3FJ;A320;EBBR;LEBL;OOSNK;390;17:03:00;10;18:35:00
VLG9PW;A320;LEPA;LEBL;ECMLE;180;18:02:00;17;18:40:00
VLG7GN;A320;LEBL;LEZL;ECMER;330;18:47:00;11;19:45:00
VLG768Q;A320;LEMG;LEBL;ECOJG;380;17:22:00;16;18:40:00
WZZ6366;A21N;LEBL;EPWA;9HWDP;370;18:42:00;20;21:15:00
RYR89EE;B738;LEBL;LEIB;9HQBW;190;18:35:00;20;19:20:00
VLG4TR;A320;LEBL;LICJ;ECODM;390;18:40:00;10;20:05:00
EZY54QC;A320;EGGP;LEBL;GEZTG;390;16:56:00;10;18:45:00
RAM961U;B738;LEBL;GMMN;CNROC;390;18:33:00;12;20:25:00
VLG20PQ;A20N;LIRQ;LEBL;ECNDA;310;17:41:00;20;18:45:00
VLG362W;A321;LEBL;LPPR;ECMLD;330;18:37:00;12;20:05:00
RYR8215;B738;LEBL;EGSS;9HQBP;380;18:45:00;20;20:35:00
EZY23NU;A320;EGKK;LEBL;GEZPX;390;17:10:00;23;18:45:00
VLG7JZ;A20N;EGKK;LEBL;ECNIY;390;17:13:00;15;18:50:00
VLG5BK;A321;EHAM;LEBL;ECMQB;330;17:08:00;20;18:50:00
VLG6VF;A20N;LEBL;LEPA;ECNFK;170;19:00:00;10;19:15:00
BAW487E;A320;LEBL;EGLL;GEUUI;360;18:55:00;12;20:35:00
VJH713;E35L;LDZD;LEBL;DANCE;370;17:26:00;15;18:50:00
EZY14FN;A319;LEBL;EGKK;GEZBX;380;18:56:00;21;20:40:00
AFR32HU;BCS3;LFPG;LEBL;FHPNJ;390;17:44:00;11;18:55:00
VLG30NL;A320;LIBD;LEBL;ECOGE;350;17:02:00;8;18:55:00
TRA97B;B738;LEBL;EHEH;PHHXE;380;19:04:00;20;20:50:00
VLG234R;A320;LEBL;LFPO;ECLOB;340;18:55:00;10;20:20:00
RYR61WY;B738;EIDW;LEBL;9HQFK;370;16:58:00;18;19:00:00
DAH2015;B738;LEBL;DAAG;7TVKQ;330;18:58:00;13;19:55:00
QTR93J;B789;OTHH;LEBL;A7BHO;400;13:00:00;10;19:00:00
EWG2MC;A319;LEBL;EDDS;DAGWO;340;19:06:00;20;20:35:00
RYR886W;B738;LIMC;LEBL;EIEBF;330;17:57:00;13;19:00:00
AEA46CY;B789;LEBL;LEMD;ECNCY;290;18:41:00;11;19:55:00
VLG3071;A320;LTFM;LEBL;ECMCU;360;16:03:00;20;19:05:00
VLG9EA;A320;LPPT;LEBL;ECOFH;402;17:36:00;19;19:05:00
VLG6FK;A320;LEBL;GCLP;ECLOP;350;19:09:00;11;21:50:00
TVF30VJ;A20N;LEBL;LFPO;FHXSL;340;19:08:00;20;20:25:00
IBE04VK;A319;LEMD;LEBL;ECKUB;280;18:16:00;16;19:05:00
RYR70PE;B738;LEBL;LIPQ;9HQDA;380;19:10:00;20;20:50:00
NOZ3WD;A320;LEBL;ENGM;OYJRK;350;19:10:00;16;21:55:00
ASL18J;A319;LEBL;LYBE;YUAPK;350;19:00:00;20;21:15:00
AUA34R;A321;LEBL;LOWW;OELBC;360;19:11:00;10;21:10:00
VLG6167;A320;LIEE;LEBL;ECLLJ;360;18:10:00;15;19:10:00
WZZ9DE;A21N;EPGD;LEBL;9HWDX;370;16:35:00;13;19:10:00
VLG63QF;A320;LEBL;LEST;ECMYB;330;19:07:00;17;20:30:00
TRA75Y;B738;LEBL;EHRD;PHHXB;380;19:18:00;20;20:55:00
VLG7FJ;A20N;LFPO;LEBL;ECNCU;390;18:14:00;10;19:15:00
RYR4WR;B738;GMFF;LEBL;EIDPH;380;17:40:00;15;19:15:00
VLG3TJ;A320;LEBL;LEAS;ECJTQ;330;19:11:00;11;20:20:00
WZZ4RZ;A320;LYBE;LEBL;HALYG;350;17:08:00;13;19:15:00
MAC374N;A320;LEBL;GMMN;CNNMS;370;19:02:00;20;20:55:00
DLH66Y;A321;EDDM;LEBL;DAIRF;370;17:52:00;12;19:20:00
SWR193B;A320;LEBL;LSZH;HBIJQ;360;19:15:00;10;20:40:00
VLG1ZV;A321;LEBL;LEMG;ECMOO;350;19:10:00;10;20:30:00
AEA23GZ;B738;LEPA;LEBL;ECLQX;180;18:49:00;17;19:20:00
RYR94YE;B738;LEBL;LPPR;EIDCN;330;19:24:00;20;20:50:00
AAR512;A359;LEBL;RKSI;HL7578;390;19:25:00;13;6:25:00
FPY6;A20N;BIKF;LEBL;TFPPD;390;15:30:00;10;19:25:00
WZZ912;A320;LEBL;LBSF;HALWE;390;18:59:00;9;21:45:00
VLG3RB;A320;LEBL;LECO;ECOFX;330;19:20:00;10;20:45:00
RYR7495;B738;EGSS;LEBL;EIGXN;370;17:49:00;10;19:30:00
UAE2X;A388;LEBL;OMDB;A6EOT;390;19:16:00;16;1:40:00
VLG95DK;A320;LEBL;LIEE;ECKDH;340;19:26:00;11;20:40:00
RYR8PW;B738;LEBL;LEPA;9HQEW;190;19:27:00;20;20:00:00
WMT773;A21N;LATI;LEBL;9HWDR;360;17:39:00;14;19:35:00
RYR807B;B738;LEBL;LIME;EIENF;340;19:36:00;21;20:50:00
WMT1EW;A20N;LEBL;LRIA;9HWBA;390;19:24:00;20;22:20:00
LBT608;A320;DTTA;LEBL;TSINU;360;18:15:00;10;19:35:00
EWG5PJ;A320;LEBL;EDDK;DABZL;360;19:33:00;20;21:25:00
EZY97KW;A320;EGCC;LEBL;GEZUZ;390;17:50:00;14;19:40:00
BAW49TA;A20N;LEBL;EGLL;GTTNL;380;19:32:00;12;21:25:00
CTN375;BCS3;LEBL;LDZA;9ACAN;360;19:33:00;11;21:30:00
VLG9CP;A20N;LEAL;LEBL;ECNDB;300;18:47:00;9;19:40:00
VLG67DR;A320;EGKK;LEBL;ECMAN;390;18:08:00;14;19:40:00
VLG2UA;A21N;LEBL;LEMH;ECNYF;190;19:37:00;10;20:10:00
SAS4686;A20N;LEBL;ENGM;SERZE;390;19:40:00;10;22:35:00
VLG91ZA;A320;LIRF;LEBL;ECMGE;350;18:32:00;16;19:45:00
IBE04AR;A20N;LEBL;LEMD;ECNCM;330;19:08:00;12;20:40:00
VLG2482;A320;LEBL;LDSP;ECOJG;380;19:41:00;11;21:20:00
VLG6UX;A319;LEBL;LFMN;ECMIQ;300;19:47:00;10;20:45:00
VLG2NC;A20N;LEMG;LEBL;ECNCF;380;18:36:00;11;19:50:00
WMT8825;A21N;LEBL;LIRF;9HWAJ;360;19:55:00;20;21:10:00
VLG66ED;A320;EHAM;LEBL;ECMVO;390;18:17:00;17;19:55:00
LGL94EL;B737;LEBL;ELLX;LXLBR;340;19:46:00;21;21:30:00
VLG77EC;A20N;LEBL;EGKK;ECNIY;380;19:57:00;13;21:40:00
WMT48BT;A321;LEBL;LROP;HALXL;360;19:47:00;20;22:30:00
DAH2018;B738;DAOO;LEBL;7TVJK;280;18:53:00;8;20:00:00
VLG5WQ;A321;LEBL;LEPA;ECMQB;150;19:51:00;11;20:25:00
EZY41GN;A320;EGGD;LEBL;GEZPB;390;18:14:00;9;20:00:00
BEL7JN;A320;LEBL;EBBR;OOSNK;340;20:01:00;11;21:30:00
AFR45GN;BCS3;LEBL;LFPG;FHPNJ;340;20:04:00;11;21:20:00
ELY391;B738;LLBG;LEBL;4XEKF;380;15:50:00;15;20:00:00
WMT6YB;A21N;LOWW;LEBL;9HWDV;350;18:21:00;11;20:05:00
EZY25YX;A320;LEBL;EGGP;GEZPX;380;20:07:00;21;22:05:00
ANE28LD;CRJX;LELN;LEBL;ECLJX;320;19:20:00;5;20:05:00
EJU93FV;A319;LSGG;LEBL;OELKC;290;19:05:00;10;20:05:00
TAP38KJ;A320;LPPT;LEBL;9HGTS;340;18:19:00;14;20:05:00
EZY52QF;A320;LEBL;EGKK;GEZTG;360;20:11:00;21;21:50:00
VLG9VT;A321;LEIB;LEBL;ECMRF;180;19:21:00;10;20:10:00
TAP37GT;A20N;LEBL;LPPT;CSTVD;350;20:13:00;11;21:40:00
VLG24BW;A320;LEZL;LEBL;ECMBY;340;18:34:00;12;20:10:00
EIN5ME;A320;EIDW;LEBL;EIDEI;370;18:15:00;20;20:10:00
VLG454D;A320;LEBL;LEIB;ECOGE;190;20:05:00;10;20:50:00
RYR1JX;B738;LEBL;LEZL;EIEBF;370;20:10:00;20;21:20:00
SWT973P;AT43;LEMD;LEBL;ECJAD;220;18:46:00;16;20:15:00
VLG75GT;A320;LEBL;GMMX;ECOFH;370;20:18:00;12;22:15:00
VLG8581;A320;LATI;LEBL;ECJTQ;390;18:25:00;10;20:20:00
AEA48JV;B738;LEBL;LEPA;ECLQX;170;20:21:00;10;20:50:00
TVF67BM;A20N;LFPO;LEBL;FHXSA;370;19:17:00;11;20:30:00
KLM71Z;B738;EHAM;LEBL;PHBXA;410;18:52:00;20;20:30:00
NSZ6KY;B738;ESGG;LEBL;SERPE;390;18:11:00;8;20:35:00
WZZ317;A21N;LEBL;EPGD;9HWDX;360;20:40:00;20;23:10:00
THY8HC;B738;LTFM;LEBL;TCJZE;370;17:28:00;20;20:35:00
VLG3726;A320;LEBL;LEMH;ECMLE;170;20:16:00;11;21:05:00
WZZ80TX;A320;LEBL;LYBE;HALYG;380;20:31:00;20;22:45:00
VLG67NQ;A20N;LEBL;LEAL;ECNDB;290;20:36:00;11;21:20:00
RYR37ZU;B738;LEBL;GMMW;9HQFK;370;19:58:00;20;21:55:00
RYR42SY;B738;LEIB;LEBL;9HQBW;240;20:13:00;7;20:45:00
RYR719C;B738;LEBL;GMFF;EIDPH;370;20:35:00;20;22:05:00
VLG963B;A320;GCXO;LEBL;ECMFN;360;17:48:00;4;20:45:00
VLG42YQ;A320;LEBL;LIRF;ECMGE;360;20:43:00;11;21:55:00
RYR539Z;A320;LEPA;LEBL;9HLAX;180;20:16:00;15;20:45:00
VLG14PF;A320;LIMC;LEBL;ECOKH;290;19:43:00;13;20:50:00
VLG9DW;A320;LEBL;LEPA;ECKHN;190;20:50:00;10;21:15:00
VLG9BY;A20N;LEBL;LEMG;ECNCF;390;20:51:00;11;22:05:00
IBE04LY;A320;LEMD;LEBL;ECILS;300;20:08:00;16;20:55:00
ETD9TC;B789;LEBL;OMAA;A6BNB;390;20:59:00;11;3:00:00
AFR69BZ;A320;LFPG;LEBL;FGKXH;370;19:21:00;16;21:00:00
EZY13AP;A320;LEBL;EGCC;GEZUZ;380;20:50:00;20;22:50:00
BAW482P;A320;EGLL;LEBL;GEUYX;290;18:57:00;33;21:00:00
FPY6F;A20N;LEBL;BIKF;TFPPD;380;20:59:00;20;0:55:00
VLG39YK;A320;EDDL;LEBL;ECKRH;390;19:06:00;11;21:00:00
VLG6154;A320;LEBL;DAAG;ECMVO;330;20:52:00;12;21:50:00
RYR6975;B738;LGKR;LEBL;EIDPI;360;18:55:00;15;21:05:00
WMT338;A21N;LEBL;LATI;9HWDR;360;21:06:00;21;23:00:00
VLG6PR;A21N;EGCC;LEBL;ECNYE;350;19:10:00;17;21:05:00
RYR8JA;B738;LEBL;EGSS;EIGXN;380;21:15:00;20;22:55:00
ITY078;A20N;LIRF;LEBL;EIHOH;350;19:40:00;15;21:10:00
EZY46XV;A320;LEBL;EGGD;GEZPB;360;21:06:00;21;22:55:00
RYR379H;B738;EGPH;LEBL;9HQAL;370;18:45:00;13;21:10:00
LBT609;A320;LEBL;DTTA;TSINU;370;21:15:00;5;22:30:00
DLH67E;A320;EDDF;LEBL;DAIWJ;370;19:40:00;14;21:10:00
VLG20SB;A320;LEBL;LEZL;ECMBY;350;21:04:00;11;22:20:00
VLG45NE;A20N;LEPA;LEBL;ECNFK;180;20:42:00;17;21:15:00
VLG7BU;A320;LKPR;LEBL;ECOFU;360;19:25:00;16;21:15:00
DAH2019;B738;LEBL;DAOO;7TVJK;270;21:17:00;12;22:20:00
EOA001;C560;LGMK;LEBL;IZACK;430;18:12:00;7;21:20:00
WMT8AK;A21N;LEBL;LOWW;9HWDV;360;21:19:00;0;23:15:00
RYR806H;B738;GMME;LEBL;EIDWR;380;19:45:00;15;21:20:00
VLG374J;A321;LEBL;LEIB;ECMRF;190;21:19:00;9;21:55:00
VLG9RB;A321;EHAM;LEBL;ECMHA;350;19:42:00;25;21:20:00
EIN56V;A320;LEBL;EIDW;EIDEI;360;21:25:00;20;23:25:00
TAR514;A320;DTTA;LEBL;LYMLG;360;19:50:00;10;21:25:00
VLG30HZ;A320;EDDM;LEBL;ECMYC;370;19:50:00;14;21:25:00
VLG5LE;A321;LICC;LEBL;ECMPV;340;19:48:00;11;21:30:00
EJU12GP;A319;LIMC;LEBL;OELQQ;350;20:18:00;12;21:30:00
RYR6PQ;B38M;LEMG;LEBL;EIIJX;380;20:07:00;15;21:30:00
QTR31N;B789;LEBL;OTHH;A7BHO;390;21:38:00;11;3:15:00
VLG9JB;A321;LIMC;LEBL;ECNLV;290;20:33:00;13;21:35:00
VLG40UD;A321;EDDB;LEBL;ECNLX;350;19:31:00;8;21:35:00
TAP39MZ;A320;LEBL;LPPT;9HGTS;330;21:31:00;9;23:05:00
VLG1BA;A321;EGKK;LEBL;ECMQL;350;20:06:00;15;21:35:00
PAV542H;C525;LEVX;LEBL;DIJLJ;320;20:10:00;5;21:40:00
VLG8DM;A319;LFPO;LEBL;ECMIR;390;20:23:00;10;21:40:00
VLG82NK;A321;LIRF;LEBL;ECMGZ;340;20:18:00;13;21:45:00
VLG8BT;A21N;LEMH;LEBL;ECNYF;180;21:14:00;10;21:45:00
RYR8QT;B738;LEPA;LEBL;9HQEW;180;21:14:00;16;21:50:00
ELY392;B738;LEBL;LLBG;4XEKF;370;21:53:00;13;1:30:00
EJU89ZC;A319;LFSB;LEBL;OELQA;330;20:41:00;15;21:50:00
VLG25JN;A320;LFPG;LEBL;ECMBS;370;20:37:00;12;21:50:00
VLG34LT;A320;LEGR;LEBL;ECMXP;360;20:55:00;5;21:55:00
VLG6028;A20N;LIRQ;LEBL;ECNCS;360;20:26:00;5;21:55:00
VLG4QP;A320;LPPT;LEBL;ECKDG;380;20:41:00;15;21:55:00
VLG60YC;A321;EBBR;LEBL;ECMMH;350;20:18:00;22;22:00:00
SWR3QA;A320;LSZH;LEBL;HBIJO;330;20:45:00;13;22:00:00
RYR2889;A320;LEBL;LEPA;9HLAX;190;21:50:00;20;22:30:00
VLG91VV;A320;LEVX;LEBL;ECLAB;320;20:47:00;7;22:00:00
SWT332;AT43;LEBL;EDDK;ECJBN;240;22:06:00;17;0:50:00
VLG61FK;A320;EGLL;LEBL;ECOKI;370;20:21:00;20;22:05:00
VLG4JJ;A320;EDDB;LEBL;ECMAO;370;20:04:00;8;22:05:00
EJU7214;A319;LPPT;LEBL;OELVG;380;20:45:00;17;22:10:00
VLG52YE;A321;LIPZ;LEBL;ECMLM;350;20:47:00;11;22:10:00
VLG876B;A320;EDDH;LEBL;ECMAH;370;20:10:00;9;22:10:00
VLG67CB;A320;LEAS;LEBL;ECJTQ;320;21:08:00;5;22:15:00
RYR65DP;B738;LIPE;LEBL;EIDCW;370;20:50:00;15;22:15:00
VLG13LA;A321;GCLP;LEBL;ECMHB;340;19:37:00;14;22:15:00
VLG796R;A320;LEPA;LEBL;ECNUP;180;21:44:00;17;22:20:00
VLG14RT;A321;LEPA;LEBL;ECMQB;180;21:47:00;17;22:20:00
VLG159U;A321;EKCH;LEBL;ECMJR;350;19:53:00;10;22:20:00
VLG5SC;A320;LEZL;LEBL;ECMER;340;20:59:00;12;22:25:00
VLG9MZ;A320;LFML;LEBL;ECMVE;290;21:32:00;5;22:25:00
VLG669A;A321;LIRN;LEBL;ECMGY;340;20:58:00;12;22:25:00
RYR39JJ;B738;LEBL;LEMG;9HQBW;370;22:01:00;21;23:40:00
VLG1SG;A320;GCXO;LEBL;ECMEL;380;19:43:00;4;22:30:00
VLG79EM;A321;LPPR;LEBL;ECMLD;340;21:12:00;12;22:30:00
VLG5ET;A320;LEMH;LEBL;ECMLE;180;21:54:00;10;22:30:00
EOA001;C560;LEBL;LIEO;IZACK;310;22:41:00;20;23:35:00
VLG738J;A321;EGKK;LEBL;ECNLY;350;21:03:00;12;22:35:00
RYR73TJ;B738;EGSS;LEBL;EIEMA;370;20:44:00;10;22:35:00
VLG8112;A320;LEBL;LGAV;ECKRH;370;22:32:00;11;1:05:00
VLG7NB;A320;LEIB;LEBL;ECOGE;160;21:51:00;10;22:35:00
VLG3XA;A321;LPPT;LEBL;ECMMU;340;21:21:00;6;22:40:00
VLG41XC;A320;LEST;LEBL;ECMYB;320;21:30:00;15;22:45:00
VLG46DQ;A320;LICJ;LEBL;ECODM;380;21:22:00;12;22:45:00
VLG3WB;A319;LFMN;LEBL;ECMIQ;300;21:58:00;12;22:45:00
VLG11HU;A321;LEMG;LEBL;ECMOO;320;21:36:00;11;22:50:00
VLG4WK;A320;LIEE;LEBL;ECKDH;340;21:51:00;8;22:50:00
TAR515;A320;LEBL;DTTA;LYMLG;370;22:51:00;12;0:05:00
RYR31DG;B38M;LHBP;LEBL;EIIJM;370;20:42:00;12;22:55:00
VLG3AC;A320;LECO;LEBL;ECOFX;320;21:46:00;6;22:55:00
RYR71AV;B738;LIME;LEBL;EIENF;350;21:55:00;7;23:00:00
NSZ5521;B738;ENGM;LEBL;SERRF;410;20:17:00;15;23:00:00
RYR1397;B738;LIPQ;LEBL;9HQDA;370;21:37:00;10;23:05:00
RYR67KU;B738;LEZL;LEBL;EIEBF;380;22:08:00;12;23:15:00
RYR404A;B738;LPPR;LEBL;EIDCN;320;21:40:00;15;23:20:00
RYR56YL;B738;EIDW;LEBL;9HQEK;370;21:20:00;20;23:20:00
VJT750;GL7T;LEBL;HAAB;9HVID;490;23:15:00;15;6:00:00
AEE712;A20N;LGAV;LEBL;SXNEQ;380;20:53:00;14;23:25:00
TAP1040;A320;LPPT;LEBL;CSTNX;380;21:52:00;16;23:25:00
IBE2601;A332;LEBL;SAEZ;ECNRH;400;23:42:00;12;12:00:00
